t,steer,speed,pred_speed,safety_speed,min_lidar
0.11824750900268555,0.06042063608765602,2.0203191216471685,5.0,2.0203191216471685,0.9306450486183167
0.20392751693725586,0.07510193437337875,1.9659472060784786,4.999532699584961,1.9659472060784786,0.9243379235267639
0.30351781845092773,0.11584625393152237,1.9399834542583154,4.983916282653809,1.9399834542583154,0.9223961234092712
0.4035763740539551,0.08952455222606659,2.330436873474587,4.980182647705078,2.330436873474587,0.929458498954773
0.5033984184265137,0.0802624374628067,2.665800810518899,4.960127830505371,2.665800810518899,0.9681258201599121
0.6033632755279541,0.01974400132894516,3.0973311930894853,5.0,3.0973311930894853,0.9329003691673279
0.7035839557647705,0.06810814142227173,2.845837664604187,5.0,2.845837664604187,0.9422523379325867
0.8028335571289062,0.06117134168744087,2.764138081531374,4.978591442108154,2.764138081531374,0.925067126750946
0.9013099670410156,-0.04742869734764099,2.4652910366419842,4.944087505340576,2.4652910366419842,0.8768090009689331
1.0012967586517334,-0.11014246940612793,2.041786448548976,4.9977922439575195,2.041786448548976,0.8494173884391785
1.1012787818908691,0.00432038027793169,2.942819233251232,4.991124153137207,2.942819233251232,0.8456513285636902
1.2017111778259277,0.05954910069704056,2.8903446763753893,4.937382221221924,2.8903446763753893,0.8819583654403687
1.3014357089996338,0.033223338425159454,2.956298741246249,4.970951080322266,2.956298741246249,0.8482974767684937
1.401759386062622,-0.07387253642082214,2.580268240241405,4.9812092781066895,2.580268240241405,0.8003333210945129
1.503772497177124,-0.08650030940771103,2.3515403253334357,5.0,2.3515403253334357,0.7796245813369751
1.6039247512817383,-0.02423020452260971,3.0731104482231375,5.0,3.0731104482231375,0.7894125580787659
1.7031822204589844,0.0710156112909317,2.8307188212871552,4.953017234802246,2.8307188212871552,0.8212865591049194
1.8030500411987305,0.11745098978281021,2.589254853129387,4.951878070831299,2.589254853129387,0.7771549224853516
1.902987003326416,0.00832976121455431,2.769350630737858,4.959549903869629,2.769350630737858,0.7448583245277405
2.002991199493408,-0.1049700453877449,1.6908961436176826,4.939948558807373,1.6908961436176826,0.7104571461677551
2.1031131744384766,-0.00894671306014061,2.189026443852323,4.934864521026611,2.189026443852323,0.6548583507537842
2.2030937671661377,-0.04670393466949463,2.5018615397589032,4.963176250457764,2.5018615397589032,0.7073953151702881
2.3035738468170166,-0.1309509128332138,2.289702707275758,4.951746463775635,2.289702707275758,0.7117563486099243
2.4035212993621826,-0.010552432388067245,3.1451273515820506,4.982607841491699,3.1451273515820506,0.669009804725647
2.5013794898986816,-0.07076141983270645,2.7535620123558733,5.0,2.7535620123558733,0.7069368362426758
2.6030895709991455,0.08386526256799698,2.58087500999662,4.951198101043701,2.58087500999662,0.7299758791923523
2.7012526988983154,0.05363062024116516,2.46974247473638,5.0,2.46974247473638,0.7814387679100037
2.801332712173462,-0.04096454009413719,2.845759016820058,5.0,2.845759016820058,0.7853346467018127
2.901261568069458,0.06447770446538925,2.801809278582518,5.0,2.801809278582518,0.8487352132797241
3.0013463497161865,0.07677161693572998,2.673087545317429,5.0,2.673087545317429,0.7837364077568054
3.10127854347229,0.108689084649086,2.634816759824753,5.0,2.634816759824753,0.8258218169212341
3.201234817504883,0.0026596502866595984,2.9157592673274344,4.9980998039245605,2.9157592673274344,0.7698551416397095
3.3012630939483643,-0.0885121300816536,1.844368882140973,5.0,1.844368882140973,0.7383084893226624
3.401390790939331,-0.004628531169146299,2.3150963890778398,4.982592582702637,2.3150963890778398,0.7066746354103088
3.501363754272461,-0.10673884302377701,2.173138706006778,4.964405059814453,2.173138706006778,0.7091656923294067
3.601414442062378,-0.14926329255104065,2.204112434311124,4.992380142211914,2.204112434311124,0.6992040276527405
3.701314926147461,0.017749737948179245,3.1077013626694683,4.987897872924805,3.1077013626694683,0.7035611271858215
3.801346778869629,0.04044642671942711,2.798753432555052,4.97572135925293,2.798753432555052,0.7241314053535461
3.9012789726257324,-0.01910005509853363,2.9782660774191476,5.0,2.9782660774191476,0.7783825993537903
4.001309394836426,-0.08605049550533295,2.7053393233720566,5.0,2.7053393233720566,0.7742589712142944
4.101300001144409,-0.05880869925022125,2.7421668801240284,4.958294868469238,2.7421668801240284,0.780086100101471
4.203930854797363,0.01889626681804657,2.490441718582561,5.0,2.490441718582561,0.8601242303848267
4.303038120269775,0.05200233682990074,2.1363918512299906,4.9525651931762695,2.1363918512299906,0.8960488438606262
4.402894973754883,0.0925217717885971,2.0935194375073283,5.0,2.0935194375073283,0.9274568557739258
4.501414060592651,0.021902283653616905,2.701628003259041,4.999025344848633,2.701628003259041,0.8669372200965881
4.601398229598999,0.08015909790992737,2.637301947064414,5.0,2.637301947064414,0.9248262643814087
4.703245639801025,0.16618666052818298,2.301932082192368,4.950656890869141,2.301932082192368,0.933819055557251
4.8022825717926025,0.10538214445114136,2.565799751055029,4.964171886444092,2.565799751055029,0.8962842226028442
4.9033637046813965,-0.05199218541383743,1.9601418355241007,4.970334053039551,1.9601418355241007,0.8478474617004395
5.001668214797974,-0.115451380610466,1.106155620971543,4.963671684265137,1.106155620971543,0.7030775547027588
5.103393793106079,-0.046858061105012894,1.6916767396266146,5.0,1.6916767396266146,0.7671743035316467
5.203587293624878,-0.06596618890762329,1.9826555784364572,4.988243103027344,1.9826555784364572,0.7767212390899658
5.303332090377808,0.04119375720620155,2.352450624861697,4.972448348999023,2.352450624861697,0.7093321681022644
5.403284072875977,-0.12133025377988815,2.1210535678235396,4.951402187347412,2.1210535678235396,0.7269918322563171
5.5035459995269775,-0.07740911096334457,2.2745605722436637,4.97476053237915,2.2745605722436637,0.704967737197876
5.603129148483276,-0.024823883548378944,2.9452348357300697,4.990858554840088,2.9452348357300697,0.7101741433143616
5.703059673309326,-0.10798125714063644,2.6384974628686906,5.0,2.6384974628686906,0.7205364108085632
5.803020715713501,-0.005450779106467962,3.1716559486463667,4.967965602874756,3.1716559486463667,0.7095535397529602
5.903508901596069,0.04740807041525841,2.7499547347344384,4.936708927154541,2.7499547347344384,0.7185960412025452
6.003609657287598,0.09115809202194214,2.561626170201666,4.991978645324707,2.561626170201666,0.7803609371185303
6.103311777114868,-0.06725551933050156,2.850271299481392,4.9676594734191895,2.850271299481392,0.7746179699897766
6.202988147735596,-0.052160415798425674,2.9287658378481867,4.994041919708252,2.9287658378481867,0.7356048822402954
6.303805351257324,-0.022177210077643394,3.043489929034012,4.937242031097412,3.043489929034012,0.7742635607719421
6.40275502204895,-0.030721627175807953,2.82853164457499,5.0,2.82853164457499,0.8043571710586548
6.5029296875,0.038961753249168396,2.6551563293664273,4.996190071105957,2.6551563293664273,0.8491004705429077
6.603301286697388,0.14816513657569885,2.1922133366093064,5.0,2.1922133366093064,0.8667630553245544
6.703274965286255,0.06602798402309418,2.8566544830799105,4.989806175231934,2.8566544830799105,0.8470024466514587
6.803498983383179,0.040433332324028015,2.77716215039446,4.9882049560546875,2.77716215039446,0.787474513053894
6.903485059738159,0.029359126463532448,2.4255136069808136,5.0,2.4255136069808136,0.7713810205459595
7.0033180713653564,-0.10130774974822998,1.7845660752439017,5.0,1.7845660752439017,0.7110785841941833
7.103112459182739,-0.08217687159776688,2.060300502115762,4.940951824188232,2.060300502115762,0.7189372181892395
7.2027907371521,-0.08767162263393402,2.5148587033766496,4.967300891876221,2.5148587033766496,0.709646999835968
7.303104639053345,-0.13793852925300598,2.482719647884369,4.984708786010742,2.482719647884369,0.7079859972000122
7.4037299156188965,-0.04479017108678818,2.910081851191732,4.991186141967773,2.910081851191732,0.7397464513778687
7.501902341842651,0.09150024503469467,2.303724382634512,5.0,2.303724382634512,0.7765688300132751
7.6013829708099365,0.12611250579357147,2.007494429498984,4.955720901489258,2.007494429498984,0.7809562087059021
7.7034242153167725,0.16321414709091187,2.2299863111095406,4.977736473083496,2.2299863111095406,0.837528645992279
7.803366422653198,0.061150286346673965,2.8820185109972956,4.964019298553467,2.8820185109972956,0.7790270447731018
7.9032275676727295,-0.07990649342536926,2.2260018655681435,5.0,2.2260018655681435,0.712419331073761
8.003335952758789,-0.05598332732915878,2.1602227282269086,5.0,2.1602227282269086,0.7050099968910217
8.103597640991211,-0.0771644115447998,2.4259268901715303,4.960015773773193,2.4259268901715303,0.7122090458869934
8.203391790390015,-0.05535475164651871,2.812544095093156,5.0,2.812544095093156,0.7361718416213989
8.30331540107727,-0.059507571160793304,2.887475934772559,5.0,2.887475934772559,0.7088102102279663
8.403449773788452,-0.03034137189388275,2.961598694587572,5.0,2.961598694587572,0.7216463685035706
8.503638744354248,0.060121696442365646,2.6901148845452836,4.9690961837768555,2.6901148845452836,0.7796602845191956
8.603416919708252,-0.027941998094320297,2.832545164107285,4.9593000411987305,2.832545164107285,0.7843020558357239
8.703604459762573,0.023177998140454292,2.8663430899301554,4.956835746765137,2.8663430899301554,0.7811419367790222
8.803486585617065,-0.07774421572685242,2.5237533863218857,4.9805006980896,2.5237533863218857,0.7834736704826355
8.903256177902222,0.029570406302809715,2.610226417525188,4.992892742156982,2.610226417525188,0.8256427049636841
9.003285646438599,0.031346820294857025,2.3883636471509497,4.9862284660339355,2.3883636471509497,0.8500338196754456
9.103768587112427,0.07479549944400787,2.1969895908607846,4.94483757019043,2.1969895908607846,0.8814224004745483
9.20346212387085,0.05345095694065094,2.330796637007358,5.0,2.330796637007358,0.8487787842750549
9.303225994110107,0.09428093582391739,2.1976875642143328,4.999969959259033,2.1976875642143328,0.8607140779495239
9.401503324508667,-0.031952399760484695,2.4827871453961516,4.961492538452148,2.4827871453961516,0.8210621476173401
9.501411437988281,0.020750364288687706,2.5043128811868764,5.0,2.5043128811868764,0.7760735750198364
9.603456020355225,-0.01902209036052227,2.4287115440245977,5.0,2.4287115440245977,0.7952589988708496
9.70349383354187,0.024512330070137978,2.344810266534669,4.97325325012207,2.344810266534669,0.7828290462493896
9.803374767303467,-0.07759517431259155,2.0626433970659974,4.966334819793701,2.0626433970659974,0.7711697816848755
9.903278827667236,0.08123110234737396,1.9840345704877158,4.963875770568848,1.9840345704877158,0.741916835308075
10.003599643707275,-0.02949976548552513,2.058013733658619,4.980020999908447,2.058013733658619,0.7799931764602661
10.10341191291809,-0.0026590577326714993,2.1351145779779164,4.972298622131348,2.1351145779779164,0.7140373587608337
10.203224182128906,0.007352346554398537,2.0510240673188607,4.963519096374512,2.0510240673188607,0.7415019273757935
10.303483486175537,-0.01668510213494301,1.9586537457147937,4.977007865905762,1.9586537457147937,0.70622318983078
10.40347933769226,-0.016009796410799026,1.8889459390907761,4.964056015014648,1.8889459390907761,0.7128186225891113
10.503230571746826,0.02958071045577526,1.782063891683769,4.975892066955566,1.782063891683769,0.7383719086647034
10.603255271911621,0.21821987628936768,1.1715965034643234,4.982144355773926,1.1715965034643234,0.7055562138557434
10.703228950500488,-0.06307809799909592,1.6326173774945698,4.964892864227295,1.6326173774945698,0.7102842926979065
10.803449392318726,-0.11387479305267334,1.509060221237948,4.966855525970459,1.509060221237948,0.6364070177078247
10.90316367149353,-0.14439457654953003,1.3667914754417283,4.974397659301758,1.3667914754417283,0.668787956237793
11.001747846603394,0.012988966889679432,1.636150463099751,4.97392463684082,1.636150463099751,0.6409956812858582
11.101550817489624,0.027513856068253517,1.5091885579512072,4.965476989746094,1.5091885579512072,0.6215582489967346
11.201517820358276,-0.09232383221387863,1.3011864274979659,4.98960018157959,1.3011864274979659,0.6420591473579407
11.301546812057495,-0.06182137131690979,1.3370943606356605,4.9848713874816895,1.3370943606356605,0.6702768802642822
11.40438985824585,-0.06006578356027603,1.2759872331031696,4.970925331115723,1.2759872331031696,0.7098886966705322
11.501588582992554,-0.034702859818935394,1.272931381305359,4.98015022277832,1.272931381305359,0.7119874358177185
11.603632926940918,0.10107871145009995,1.0789544270534714,4.986516952514648,1.0789544270534714,0.7091522216796875
11.703604459762573,0.06491227447986603,1.1311210708724548,4.938241004943848,1.1311210708724548,0.715876579284668
11.801716327667236,0.055052436888217926,1.1384633799069042,4.972261905670166,1.1384633799069042,0.696479320526123
11.901491165161133,0.1102665439248085,1.0217355314890983,4.939352512359619,1.0217355314890983,0.7051724195480347
12.001560926437378,-0.034102682024240494,1.1605655881170205,5.0,1.1605655881170205,0.7078374624252319
12.101457834243774,-0.03706236928701401,1.1483341460861052,4.972390174865723,1.1483341460861052,0.6296209692955017
12.201443195343018,0.06709505617618561,1.036368255200458,4.982180118560791,1.036368255200458,0.635887622833252
12.301475524902344,-0.0897170826792717,0.9734669438831857,4.9079437255859375,0.9734669438831857,0.6717128753662109
12.401910781860352,0.03468344360589981,1.0498657915011869,4.975083351135254,1.0498657915011869,0.6915653944015503
12.501412153244019,0.053636591881513596,0.9844065761597618,4.91269063949585,0.9844065761597618,0.6413497924804688
12.603391647338867,0.09782020002603531,0.8837838321577745,4.974246978759766,0.8837838321577745,0.6356876492500305
12.703497648239136,0.06170614808797836,0.9321545648259456,4.976956367492676,0.9321545648259456,0.6332271099090576
12.802983045578003,0.12933042645454407,0.8165445497168481,4.961732387542725,0.8165445497168481,0.5764990448951721
12.901320457458496,0.09586142748594284,0.8630626374098345,4.883253574371338,0.8630626374098345,0.5857964158058167
13.002827167510986,0.008319792337715626,1.001455124327267,4.988893508911133,1.001455124327267,0.6270739436149597
13.101478576660156,0.06285369396209717,0.8946904432475663,4.9767656326293945,0.8946904432475663,0.5586496591567993
13.201458215713501,-0.029646985232830048,0.946121109049402,4.90236234664917,0.946121109049402,0.5598297715187073
13.301581144332886,-0.041653480380773544,0.8893850775243352,5.0,0.8893850775243352,0.49460938572883606
13.401506900787354,0.04362145811319351,0.8596320141471404,4.976378440856934,0.8596320141471404,0.49627217650413513
13.50144362449646,0.008263888768851757,0.8879101110316495,4.901198387145996,0.8879101110316495,0.5121233463287354
13.601451635360718,0.1370694786310196,0.8,4.982730388641357,0.8,0.4750264286994934
13.702115535736084,0.15041150152683258,0.8,4.978148460388184,0.8,0.4945288896560669
13.801358699798584,0.1046486347913742,0.8,4.982188701629639,0.8,0.44735777378082275
13.90317440032959,0.08381566405296326,0.8,4.718092918395996,0.8,0.43504422903060913
14.00359845161438,0.12305952608585358,0.8,4.931955337524414,0.8,0.4165346324443817
14.103330135345459,0.08580947667360306,0.8,4.9968461990356445,0.8,0.4353694021701813
14.201441764831543,0.11418859660625458,0.8,4.994289398193359,0.8,0.4088684320449829
14.301379203796387,0.19673344492912292,0.8,4.982842445373535,0.8,0.4416036307811737
14.401439189910889,0.2332921326160431,0.8,4.99478816986084,0.8,0.40831905603408813
14.50149393081665,0.1880282461643219,0.8,4.99840784072876,0.8,0.3943251967430115
14.60335636138916,0.19618317484855652,0.8,4.976555824279785,0.8,0.3886776566505432
14.70333981513977,0.1559889316558838,0.8,5.0,0.8,0.3367137908935547
14.801650524139404,0.1848815679550171,0.8,4.983415603637695,0.8,0.4023520052433014
14.901360988616943,0.1888769119977951,0.8,4.976287841796875,0.8,0.4369472861289978
15.0015127658844,0.19779916107654572,0.8,4.975347995758057,0.8,0.39418554306030273
15.101458311080933,0.17261463403701782,0.8,4.953042984008789,0.8,0.4009164571762085
15.201418399810791,0.21170906722545624,0.8,5.0,0.8,0.3737185299396515
15.30152440071106,0.1723421812057495,0.8,4.86831521987915,0.8,0.3939632773399353
15.401424884796143,0.13369593024253845,0.8,5.0,0.8,0.37404096126556396
15.501391649246216,0.20699167251586914,0.8,4.884176731109619,0.8,0.3988859951496124
15.603528261184692,0.14630191028118134,0.8,4.971643924713135,0.8,0.3727817237377167
15.703707218170166,0.09712707996368408,0.8504066110253518,4.968908786773682,0.8504066110253518,0.3391304314136505
15.803923845291138,0.18755707144737244,0.8,4.793179512023926,0.8,0.36941641569137573
15.901378631591797,0.17742912471294403,0.8,4.985172271728516,0.8,0.3372175395488739
16.00290536880493,0.08360666781663895,0.9437199129629779,4.734233856201172,0.9437199129629779,0.331660658121109
16.103484392166138,0.05078284814953804,1.0335196920790648,4.975985050201416,1.0335196920790648,0.30926284193992615
16.20324420928955,0.1478409767150879,0.8550547021182298,4.96913480758667,0.8550547021182298,0.3514789044857025
16.303633451461792,0.12529784440994263,0.9258624145149086,4.999144077301025,0.9258624145149086,0.34060850739479065
16.40354061126709,0.07380440086126328,1.0712867302795552,4.96851110458374,1.0712867302795552,0.3366855978965759
16.50368356704712,0.11960010230541229,0.9950231372429079,4.962320804595947,0.9950231372429079,0.3416931629180908
16.601393461227417,0.08000883460044861,1.1121483633042268,4.976923942565918,1.1121483633042268,0.3498474955558777
16.701432466506958,-0.015069512650370598,1.3099844108643857,4.972139835357666,1.3099844108643857,0.419969379901886
16.801360607147217,0.006659979932010174,1.3328650671709994,4.984621524810791,1.3328650671709994,0.41309496760368347
16.901423931121826,0.04020359739661217,1.22608857034335,4.986934661865234,1.22608857034335,0.4056376516819
17.001416206359863,-0.10032347589731216,1.1175783011601852,4.978707790374756,1.1175783011601852,0.40398651361465454
17.10141134262085,-0.004560962785035372,1.261401280703651,4.972474098205566,1.261401280703651,0.4820016622543335
17.20145010948181,0.013319231569766998,1.1297017023324258,4.967834949493408,1.1297017023324258,0.48357704281806946
17.301403045654297,0.032544102519750595,1.055811740418351,4.980589866638184,1.055811740418351,0.4955384135246277
17.401458024978638,0.1088843047618866,0.9294499829361577,4.974241256713867,0.9294499829361577,0.5755795240402222
17.501373291015625,0.10215649753808975,0.9702850484141057,4.835886001586914,0.9702850484141057,0.5995333194732666
17.601418495178223,0.045098885893821716,1.1434239794417493,4.970428466796875,1.1434239794417493,0.6338140964508057
17.701562643051147,0.09371309727430344,1.0999745591497723,4.9031877517700195,1.0999745591497723,0.6332152485847473
17.801533937454224,0.1332029551267624,1.0586153118346875,4.971513271331787,1.0586153118346875,0.6550003886222839
17.901405096054077,0.031146187335252762,1.435559005596827,4.971774101257324,1.435559005596827,0.662016749382019
18.001435041427612,0.02912047691643238,1.6123659054531019,4.9632368087768555,1.6123659054531019,0.6421647071838379
18.10139226913452,0.08659577369689941,1.4657663364083362,4.982134819030762,1.4657663364083362,0.6446866989135742
18.201497554779053,0.07956201583147049,1.615919180716386,4.95216703414917,1.615919180716386,0.6794585585594177
18.30145788192749,0.04907086119055748,1.9738026360612773,4.982577323913574,1.9738026360612773,0.708579957485199
18.403264045715332,0.05940916761755943,2.16743454049281,4.997992515563965,2.16743454049281,0.7320800423622131
18.503302812576294,0.04097691923379898,2.444552925207592,4.993185997009277,2.444552925207592,0.7183663249015808
18.603423357009888,0.07493140548467636,2.4821297826395616,4.985374450683594,2.4821297826395616,0.740054726600647
18.70314049720764,0.1201842874288559,2.4629107270449153,5.0,2.4629107270449153,0.7235764861106873
18.803321599960327,0.06970350444316864,2.8375417768955233,4.987644195556641,2.8375417768955233,0.779250979423523
18.902968168258667,-0.020586129277944565,2.8071819263957547,4.952411651611328,2.8071819263957547,0.6771525740623474
19.00330138206482,0.052746791392564774,2.254742711020829,4.9514241218566895,2.254742711020829,0.6732876896858215
19.102909326553345,-0.08479040861129761,2.060357263519671,4.960618495941162,2.060357263519671,0.6357529759407043
19.20313048362732,-0.14804942905902863,1.7295897301491543,4.961206912994385,1.7295897301491543,0.6275843381881714
19.303526401519775,-0.029725130647420883,2.8244168087211556,4.952664375305176,2.8244168087211556,0.6517994403839111
19.40321683883667,-0.1604136973619461,2.36584877371788,4.97067928314209,2.36584877371788,0.6466246843338013
19.503447771072388,0.09259579330682755,2.6404324385052815,4.974096298217773,2.6404324385052815,0.6609710454940796
19.603618383407593,0.12270993739366531,2.0194779104096314,5.0,2.0194779104096314,0.7200523018836975
19.70315670967102,0.10765232890844345,2.4432522073047487,4.907351016998291,2.4432522073047487,0.7069610357284546
19.803294897079468,0.0278058759868145,3.0554094448685647,5.0,3.0554094448685647,0.7424058318138123
19.901429653167725,0.0491449199616909,2.8506551500253026,5.0,2.8506551500253026,0.7244923710823059
20.00181746482849,-0.099210225045681,2.4522917451873094,5.0,2.4522917451873094,0.7100755572319031
20.101578950881958,-0.11738521605730057,2.349349065953655,5.0,2.349349065953655,0.694381594657898
20.201741456985474,0.006144089158624411,3.1532303715396286,4.959066390991211,3.1532303715396286,0.671004593372345
20.30172824859619,-0.004109539557248354,2.95817076454993,4.983421325683594,2.95817076454993,0.7142033576965332
20.401601314544678,0.012421689927577972,2.9100005561450164,4.965365886688232,2.9100005561450164,0.7046729326248169
20.50169610977173,0.15356501936912537,2.170691639077891,5.0,2.170691639077891,0.7791469693183899
20.60153341293335,0.08807805925607681,2.6234395537197344,5.0,2.6234395537197344,0.7333483695983887
20.701685905456543,-0.09317701309919357,2.4753628212823218,4.946502685546875,2.4753628212823218,0.7114173173904419
20.80188822746277,-0.019543293863534927,2.7023108163673184,4.971347332000732,2.7023108163673184,0.6983253955841064
20.903404235839844,-0.11866221576929092,2.5020743549246216,5.0,2.5020743549246216,0.6964840888977051
21.00369358062744,-0.016710314899683,2.850594176775907,4.954794883728027,2.850594176775907,0.6484665274620056
21.10148787498474,-0.014765014871954918,2.630347845385209,4.950974464416504,2.630347845385209,0.7153865694999695
21.203305959701538,-0.022375131025910378,2.4724619753321537,4.945924758911133,2.4724619753321537,0.7052212953567505
21.303699016571045,0.028981812298297882,2.322123246065644,5.0,2.322123246065644,0.741869330406189
21.403354167938232,-0.06981801986694336,2.098859210830767,5.0,2.098859210830767,0.7406243085861206
21.503209352493286,0.025037530809640884,2.172940799451002,4.986580848693848,2.172940799451002,0.7882315516471863
21.603658199310303,0.10347557067871094,1.737321429866961,4.97782564163208,1.737321429866961,0.7691279649734497
21.703356504440308,0.03168611228466034,2.0324287902891136,4.958108901977539,2.0324287902891136,0.7997219562530518
21.80370593070984,0.045067332684993744,2.043160267456247,5.0,2.043160267456247,0.7751160264015198
21.903375148773193,0.04369337111711502,2.0325898447425508,4.97020959854126,2.0325898447425508,0.7966984510421753
22.003359079360962,-0.05743323266506195,1.997112138287445,4.992599010467529,1.997112138287445,0.784075140953064
22.103296518325806,-0.007645051460713148,2.1243562491945744,5.0,2.1243562491945744,0.7393113970756531
22.201486587524414,0.10315048694610596,1.6963101766098874,4.951827526092529,1.6963101766098874,0.7985751032829285
22.301493883132935,0.12254685908555984,1.6161979628867431,4.968526363372803,1.6161979628867431,0.7759607434272766
22.401824474334717,-0.01026257686316967,2.020833049748725,4.893288612365723,2.020833049748725,0.7255260348320007
22.501902103424072,-0.11137622594833374,1.6863293994811615,4.968977451324463,1.6863293994811615,0.7064446210861206
22.60300350189209,-0.02635864168405533,1.8661905222590172,4.9912261962890625,1.8661905222590172,0.7132577300071716
22.701261281967163,0.00992483738809824,1.8166519876714688,4.969925403594971,1.8166519876714688,0.699177086353302
22.80346417427063,0.11997796595096588,1.4377901587444388,4.9613037109375,1.4377901587444388,0.7259969115257263
22.901602029800415,0.003625476500019431,1.78299344975978,4.970747470855713,1.78299344975978,0.6956503391265869
23.001566171646118,-0.02116398885846138,1.7167798148119615,5.0,1.7167798148119615,0.6528189182281494
23.10158920288086,-0.12057047337293625,1.3883963592329807,4.96018123626709,1.3883963592329807,0.6955252289772034
23.20131516456604,0.06443450599908829,1.4745270090060618,4.974565029144287,1.4745270090060618,0.6509958505630493
23.304012060165405,-0.012013757601380348,1.549517778439044,4.963676929473877,1.549517778439044,0.6970473527908325
23.40316605567932,-0.08516024798154831,1.3348537291340445,5.0,1.3348537291340445,0.6326448917388916
23.501518487930298,-0.004970396403223276,1.4673521562141745,4.985167503356934,1.4673521562141745,0.665350615978241
23.601707696914673,0.044879019260406494,1.2969978938522033,4.96838903427124,1.2969978938522033,0.6341549754142761
23.701580286026,0.015645787119865417,1.339894130111186,4.9682722091674805,1.339894130111186,0.6528854966163635
23.80163025856018,-0.024811692535877228,1.2962200731386562,4.943903923034668,1.2962200731386562,0.6296656131744385
23.90155792236328,-0.0549989677965641,1.1870965201042216,4.969581127166748,1.1870965201042216,0.6389026045799255
24.001627922058105,-0.08508191257715225,1.0715468221078746,4.97544002532959,1.0715468221078746,0.5935769081115723
24.101547479629517,0.045515719801187515,1.1034974628312286,4.969415664672852,1.1034974628312286,0.6285161972045898
24.201528072357178,-0.07993452250957489,0.9972336314687813,4.9706807136535645,0.9972336314687813,0.6430802941322327
24.301535844802856,0.17883658409118652,0.8,4.976416110992432,0.8,0.6760697364807129
24.401658535003662,0.13900862634181976,0.8241113097094472,4.973588943481445,0.8241113097094472,0.6954222321510315
24.501521825790405,0.0766109973192215,0.9516481018209298,4.974748611450195,0.9516481018209298,0.6378301978111267
24.601291179656982,0.06013248860836029,0.9778850909561488,4.906762599945068,0.9778850909561488,0.6428855061531067
24.701292037963867,0.047196853905916214,0.9881277042916186,4.971750736236572,0.9881277042916186,0.609591543674469
24.80152678489685,0.07673701643943787,0.9235167846304525,4.909836769104004,0.9235167846304525,0.6359530687332153
24.90367293357849,0.07861702889204025,0.9061403941774645,4.976754665374756,0.9061403941774645,0.5866374373435974
25.003020524978638,-0.0202689990401268,0.9952704757153693,4.974497318267822,0.9952704757153693,0.5976032018661499
25.101521253585815,0.07073257863521576,0.8936686195143915,4.975448131561279,0.8936686195143915,0.5691224932670593
25.20310139656067,0.04618749022483826,0.921532496624689,4.937603950500488,0.921532496624689,0.5717058181762695
25.301284313201904,0.07365533709526062,0.867176819617508,4.971024036407471,0.867176819617508,0.5322542190551758
25.403040409088135,0.049195803701877594,0.8965192859949609,4.979410648345947,0.8965192859949609,0.5715214014053345
25.501415967941284,0.06662419438362122,0.8596069519679261,4.888245582580566,0.8596069519679261,0.5123838782310486
25.603220224380493,0.17829716205596924,0.8,4.796344757080078,0.8,0.5686005353927612
25.701590538024902,0.13929124176502228,0.8,4.976088523864746,0.8,0.5041607022285461
25.803216457366943,0.15519815683364868,0.8,4.687988758087158,0.8,0.47108784317970276
25.90340495109558,0.0949486643075943,0.8303393385076601,4.866321563720703,0.8303393385076601,0.49604347348213196
26.003430128097534,0.018473252654075623,0.9617899602125393,4.790008544921875,0.9617899602125393,0.4628145694732666
26.103150606155396,0.19764474034309387,0.8,4.987427234649658,0.8,0.43954041600227356
26.20329976081848,0.2075716257095337,0.8,4.911699295043945,0.8,0.40553104877471924
26.30276656150818,0.04251530021429062,0.9559254277486495,4.9698309898376465,0.9559254277486495,0.4401862919330597
26.403395891189575,0.08748529851436615,0.9134455200113027,4.971002578735352,0.9134455200113027,0.3910970985889435
26.501426458358765,0.05452382192015648,0.9905513182891008,4.983356952667236,0.9905513182891008,0.391167551279068
26.601482391357422,0.14454548060894012,0.8291172561315037,4.963561534881592,0.8291172561315037,0.37309059500694275
26.701380491256714,0.12063412368297577,0.8797709836244635,4.957507133483887,0.8797709836244635,0.3853812515735626
26.80150318145752,0.0536971241235733,1.0299788679404915,4.918519496917725,1.0299788679404915,0.3844589591026306
26.901432752609253,0.048998843878507614,1.0687454486582515,4.965777397155762,1.0687454486582515,0.3378491699695587
27.00138211250305,-0.00596889341250062,1.1434639592077205,4.977865695953369,1.1434639592077205,0.34833410382270813
27.102830171585083,0.07327231019735336,0.9957913825140281,4.937347412109375,0.9957913825140281,0.37278157472610474
27.202716827392578,0.008622023276984692,1.0997434334654286,4.980495452880859,1.0997434334654286,0.40380582213401794
27.30293345451355,0.03731684014201164,1.0498981016473101,4.975452899932861,1.0498981016473101,0.4368510842323303
27.403722763061523,0.021824609488248825,1.0872826715313209,4.973421096801758,1.0872826715313209,0.47030967473983765
27.503456354141235,-0.04850953817367554,1.017037224713846,4.96448278427124,1.017037224713846,0.5066759586334229
27.60344433784485,0.11767367273569107,0.8624721498204524,4.972635746002197,0.8624721498204524,0.5652353763580322
27.70357918739319,0.026064053177833557,0.9985405036397595,4.784482002258301,0.9985405036397595,0.5991596579551697
27.803714990615845,0.12244660407304764,0.844848311482409,4.970926284790039,0.844848311482409,0.5863282084465027
27.90152382850647,0.08044613897800446,0.9355815180271421,4.970294952392578,0.9355815180271421,0.6277839541435242
28.001580953598022,0.05578704923391342,1.0293373748487469,4.982943534851074,1.0293373748487469,0.6646369695663452
28.101524353027344,0.15015190839767456,0.8580996518275796,4.973205089569092,0.8580996518275796,0.653448224067688
28.201587200164795,0.13191737234592438,0.962508372643891,4.977874279022217,0.962508372643891,0.6963333487510681
28.301661014556885,0.014539822936058044,1.3598621730517122,4.97215461730957,1.3598621730517122,0.6860588788986206
28.401629209518433,-0.01969953067600727,1.7563552963190345,4.993464946746826,1.7563552963190345,0.6970240473747253
28.501590490341187,0.079069122672081,1.566048874972342,4.984076023101807,1.566048874972342,0.7406178116798401
28.603272676467896,0.09186059981584549,1.536253203576614,4.9897027015686035,1.536253203576614,0.7601571083068848
28.702843189239502,0.11456572264432907,1.8525678792553426,4.978752136230469,1.8525678792553426,0.8019381761550903
28.802701711654663,0.049689069390296936,2.5536527834732405,4.948298931121826,2.5536527834732405,0.8285608291625977
28.90300464630127,0.18335853517055511,2.193958763842762,4.947053909301758,2.193958763842762,0.775702178478241
29.003767013549805,0.06552714854478836,2.5847039806121233,4.965329170227051,2.5847039806121233,0.8024792671203613
29.10370445251465,-0.024602804332971573,2.2081444329892603,4.990055561065674,2.2081444329892603,0.7954442501068115
29.203863382339478,-0.07724042981863022,1.7812527071448168,5.0,1.7812527071448168,0.8104690313339233
29.301661491394043,0.008330302312970161,2.103620744586498,4.969088077545166,2.103620744586498,0.740968644618988
29.40155267715454,-0.03840899094939232,2.0926186714648285,4.9434428215026855,2.0926186714648285,0.773996114730835
29.501551389694214,-0.0005983109585940838,2.19120171718245,4.973480701446533,2.19120171718245,0.7897987961769104
29.601582050323486,-0.021379483863711357,2.170427067224809,4.912411212921143,2.170427067224809,0.8175661563873291
29.704179286956787,0.14206063747406006,1.7239371810490127,4.97904109954834,1.7239371810490127,0.8116694092750549
29.80422878265381,0.03701990470290184,1.9672814387480027,4.972076892852783,1.9672814387480027,0.8418489694595337
29.9016215801239,0.04893887788057327,1.5834025337869384,4.973865032196045,1.5834025337869384,0.8547759056091309
30.001538515090942,-0.018344596028327942,1.4714971030663928,4.974015712738037,1.4714971030663928,0.8100779056549072
30.101537227630615,-0.1506679505109787,1.0873043816629997,4.9641923904418945,1.0873043816629997,0.828015923500061
30.201687335968018,0.11540413647890091,1.2489290055956175,4.857212543487549,1.2489290055956175,0.7955963015556335
30.301387548446655,0.04793025925755501,1.516659109432447,5.0,1.516659109432447,0.8329890370368958
30.40143394470215,0.007247370667755604,1.4659756098684154,4.978669166564941,1.4659756098684154,0.797309935092926
30.501413345336914,-0.08836881816387177,1.1892511942131638,4.955235481262207,1.1892511942131638,0.8268271684646606
30.601465702056885,-0.13128067553043365,1.0938960225086605,4.981827259063721,1.0938960225086605,0.8102790117263794
30.701528549194336,0.14516057074069977,1.1674732254179638,4.980859756469727,1.1674732254179638,0.8358891010284424
30.801716327667236,0.05331889167428017,1.51319805455684,4.910269260406494,1.51319805455684,0.8717700839042664
30.901511192321777,-0.0913587361574173,1.2559623228886831,4.976459980010986,1.2559623228886831,0.8312935829162598
31.00159764289856,0.048110231757164,1.3272131443501916,4.8640336990356445,1.3272131443501916,0.8720390200614929
31.10163140296936,-0.14605580270290375,1.108825552114805,4.974485397338867,1.108825552114805,0.8263487219810486
31.20152449607849,-0.0005339034833014011,1.4365780414840965,4.990990161895752,1.4365780414840965,0.8572001457214355
31.301506280899048,0.07741805911064148,1.352703257730802,4.901162147521973,1.352703257730802,0.8944658041000366
31.401535987854004,-0.11691290140151978,1.203790143182654,4.97802209854126,1.203790143182654,0.8391720652580261
31.50152087211609,0.019866125658154488,1.3452317303155794,4.979275703430176,1.3452317303155794,0.8844850659370422
31.60142207145691,0.0559576079249382,1.3012043712018893,4.868968963623047,1.3012043712018893,0.8883980512619019
31.70128870010376,0.0009562410414218903,1.342925041270069,4.991730213165283,1.342925041270069,0.8569025993347168
31.801496744155884,0.07061108946800232,1.1132622184625143,4.970156192779541,1.1132622184625143,0.8480038642883301
31.90147066116333,-0.2123769372701645,0.8,4.982772350311279,0.8,0.800524115562439
32.00328612327576,-0.043390676379203796,1.009136143119873,4.988390922546387,1.009136143119873,0.8248639106750488
32.10340738296509,0.07343779504299164,1.038982568730768,4.985042572021484,1.038982568730768,0.7926452159881592
32.20147109031677,-0.10570850223302841,0.9316870341626211,4.979336261749268,0.9316870341626211,0.8277817368507385
32.303306341171265,-0.052896928042173386,0.980534634068559,4.980809211730957,0.980534634068559,0.7946522831916809
32.40336894989014,-0.10540053993463516,0.9329127618791276,4.880556583404541,0.9329127618791276,0.8273316025733948
32.50331449508667,-0.03469950705766678,1.0895318687264932,4.973637104034424,1.0895318687264932,0.7595524191856384
32.60143756866455,0.03492673859000206,1.1603749663162355,5.0,1.1603749663162355,0.7686997056007385
32.703059673309326,-0.011561928316950798,1.1621345949007245,4.9976654052734375,1.1621345949007245,0.7427962422370911
32.80371880531311,-0.0344853512942791,1.070716891434864,4.982804298400879,1.070716891434864,0.7653506994247437
32.901530265808105,-0.12501168251037598,0.9047823972868344,4.973798751831055,0.9047823972868344,0.7481061220169067
33.00360059738159,-0.05057259649038315,1.0852076133714887,4.813661575317383,1.0852076133714887,0.700491726398468
33.10392689704895,0.03674310818314552,1.1608757948945645,4.937977313995361,1.1608757948945645,0.7083681225776672
33.20373177528381,0.04530690610408783,1.1080442724130246,5.0,1.1080442724130246,0.7268100380897522
33.301552534103394,0.026169028133153915,1.0710838474251902,4.9378743171691895,1.0710838474251902,0.6534855961799622
33.40167284011841,-0.02024730108678341,1.007584745310389,4.996657848358154,1.007584745310389,0.652559220790863
33.50157380104065,0.024140434339642525,0.9753261799220908,4.822358131408691,0.9753261799220908,0.6671887040138245
33.6015260219574,-0.16814810037612915,0.8,4.98192024230957,0.8,0.6327306032180786
33.701627254486084,-0.05255487933754921,0.8968147071191422,4.882481575012207,0.8968147071191422,0.6496816277503967
33.801374673843384,-0.03269586339592934,0.9929126269866339,4.949104309082031,0.9929126269866339,0.6043850779533386
33.90157723426819,-0.04095500707626343,0.9915025085499068,4.97962760925293,0.9915025085499068,0.6035720705986023
34.00169777870178,0.02031330019235611,1.019372634224651,4.5845208168029785,1.019372634224651,0.6348454356193542
34.101510763168335,-0.0077177355997264385,1.0204689565223728,4.987792015075684,1.0204689565223728,0.5568411350250244
34.20154404640198,-0.01370343379676342,0.9954151371273424,4.981579780578613,0.9954151371273424,0.5486605763435364
34.30344009399414,-0.20749245584011078,0.8,4.905683994293213,0.8,0.5624075531959534
34.402069330215454,-0.11067313700914383,0.8714967092025763,4.92380952835083,0.8714967092025763,0.5421695113182068
34.50320267677307,0.012102974578738213,1.1948036230332824,4.981403350830078,1.1948036230332824,0.5489683747291565
34.60350966453552,-0.11825692653656006,0.9921304530900685,4.887534141540527,0.9921304530900685,0.5570914149284363
34.70312571525574,-0.07391667366027832,1.1107222391096059,5.0,1.1107222391096059,0.5657233595848083
34.80388355255127,0.040456682443618774,1.2702399003985676,4.924778938293457,1.2702399003985676,0.594581663608551
34.90206742286682,-0.00863506831228733,1.366597143693918,4.879404544830322,1.366597143693918,0.597670316696167
35.00341248512268,-0.009181663393974304,1.2909755879923759,4.893765926361084,1.2909755879923759,0.6039629578590393
35.10160708427429,0.11407116800546646,1.0709308973822342,4.924013614654541,1.0709308973822342,0.6289358139038086
35.20163416862488,-0.03700641915202141,1.1386026112008405,4.925675868988037,1.1386026112008405,0.5887460708618164
35.3016140460968,-0.054943326860666275,1.0211256995392668,4.90967321395874,1.0211256995392668,0.5473700165748596
35.40149974822998,0.012151435948908329,1.1124930656997005,5.0,1.1124930656997005,0.570431649684906
35.50188112258911,-0.04741709306836128,1.01937233072114,5.0,1.01937233072114,0.5980802774429321
35.60404324531555,0.052312444895505905,1.0116248632921063,4.946145534515381,1.0116248632921063,0.5803219676017761
35.70413374900818,-0.19473057985305786,0.8,4.859825134277344,0.8,0.5469942092895508
35.80388045310974,0.006756506394594908,1.0594822318011214,5.0,1.0594822318011214,0.5938695073127747
35.903385400772095,-0.07589944452047348,1.0598772050412515,4.980574131011963,1.0598772050412515,0.5962746143341064
36.0015070438385,0.06344573199748993,1.088720279887299,4.988968849182129,1.088720279887299,0.6268335580825806
36.10151720046997,0.013489263132214546,1.1981352499091722,4.997608661651611,1.1981352499091722,0.6476315855979919
36.20325994491577,-0.07307733595371246,1.0035364396434712,4.984810829162598,1.0035364396434712,0.5938971042633057
36.30335974693298,-0.023524457588791847,1.0821093701046824,4.915395259857178,1.0821093701046824,0.5998988747596741
36.401591062545776,-0.037506699562072754,1.1105937435770443,4.9790778160095215,1.1105937435770443,0.5592845678329468
36.50308561325073,0.0627148300409317,1.053779520104855,4.991710186004639,1.053779520104855,0.546053946018219
36.60332107543945,-0.1844746470451355,0.8,4.9805474281311035,0.8,0.5458433032035828
36.70150804519653,-0.0968642607331276,0.9433107127343208,4.946671009063721,0.9433107127343208,0.542029857635498
36.801257610321045,0.07645084708929062,1.0859162644000833,4.993048191070557,1.0859162644000833,0.5482199788093567
36.9029905796051,-0.1347668468952179,0.989240390203699,4.978997230529785,0.989240390203699,0.5472601652145386
37.00304388999939,0.032036177814006805,1.1191827639301266,4.980647087097168,1.1191827639301266,0.5457179546356201
37.103307247161865,-0.024909989908337593,1.2080050785456815,4.86776876449585,1.2080050785456815,0.5207768678665161
37.20169496536255,-0.0019365884363651276,1.2198406550887908,4.989557266235352,1.2198406550887908,0.5165559649467468
37.30304312705994,-0.09741365909576416,1.011286843360547,4.9808669090271,1.011286843360547,0.4984714388847351
37.40311050415039,0.060947615653276443,1.1240350867709148,4.951239109039307,1.1240350867709148,0.5030671954154968
37.503636598587036,0.03959043696522713,1.1782972162509293,5.0,1.1782972162509293,0.5442670583724976
37.60333275794983,0.04903500899672508,1.0794946587992758,4.972283363342285,1.0794946587992758,0.5419648289680481
37.70128154754639,0.020615922287106514,1.042434551106961,4.995236396789551,1.042434551106961,0.5271086692810059
37.803168296813965,-0.02941242977976799,0.9636060941466602,5.0,0.9636060941466602,0.4968772828578949
37.90120720863342,-0.0381324365735054,0.9146320491910486,4.992868900299072,0.9146320491910486,0.4917113184928894
38.00342774391174,-0.16715483367443085,0.8,5.0,0.8,0.49068915843963623
38.103209257125854,-0.013991301879286766,1.0070915969847016,4.9893975257873535,1.0070915969847016,0.5426369905471802
38.20306658744812,-0.15120738744735718,0.8103543270628166,4.971930980682373,0.8103543270628166,0.53863924741745
38.30332136154175,0.07037510722875595,0.9975812597214627,4.87827730178833,0.9975812597214627,0.5887272357940674
38.40323495864868,-0.058953508734703064,1.0611379496670614,4.98477029800415,1.0611379496670614,0.5606573820114136
38.50346660614014,0.01430906355381012,1.0715255861880757,4.974084854125977,1.0715255861880757,0.5516254901885986
38.60134768486023,0.04134685918688774,1.0220448172560668,4.970435619354248,1.0220448172560668,0.5483183860778809
38.703190326690674,-0.11380568891763687,0.8239940623563414,4.955691337585449,0.8239940623563414,0.5399193167686462
38.801581382751465,-0.14977283775806427,0.8,4.9943718910217285,0.8,0.5947971343994141
38.90331816673279,-0.07549478858709335,0.9404853406693133,4.985686302185059,0.9404853406693133,0.5643932223320007
39.00342154502869,-0.004995593335479498,1.1372514657506692,5.0,1.1372514657506692,0.6021596789360046
39.10329723358154,0.11783192306756973,0.9242168272439533,4.862403869628906,0.9242168272439533,0.5977103114128113
39.2033486366272,0.009449439123272896,1.0818430329807784,4.983206748962402,1.0818430329807784,0.5986362099647522
39.30139350891113,0.019981741905212402,0.9587240805472789,5.0,0.9587240805472789,0.5701874494552612
39.402568101882935,-0.023840565234422684,0.9172918852130718,4.941522598266602,0.9172918852130718,0.6023963689804077
39.5028977394104,-0.117890365421772,0.8,4.995324611663818,0.8,0.5942350029945374
39.60335183143616,-0.021051181480288506,0.9055494852207729,4.914781093597412,0.9055494852207729,0.5661281943321228
39.70341730117798,-0.023984218016266823,0.9185743951952198,4.962089538574219,0.9185743951952198,0.602035641670227
39.80146646499634,-0.11866320669651031,0.8,4.93913459777832,0.8,0.5699141025543213
39.903048276901245,-0.0024383054114878178,0.9501414568681636,4.989322185516357,0.9501414568681636,0.5367815494537354
40.003419160842896,-0.0993366688489914,0.8115667850867366,5.0,0.8115667850867366,0.5686810612678528
40.102983713150024,-0.0932769700884819,0.836937022809936,4.98707389831543,0.836937022809936,0.5489944815635681
40.20323419570923,-0.008520428091287613,0.9964516047798353,4.989999294281006,0.9964516047798353,0.594107985496521
40.303452491760254,-0.05154504254460335,0.9404170081445148,4.884885311126709,0.9404170081445148,0.5660495162010193
40.40330171585083,-0.11152227967977524,0.8426223149371816,4.984760761260986,0.8426223149371816,0.598667562007904
40.50331115722656,-0.011693833395838737,1.0267277771100587,4.985333442687988,1.0267277771100587,0.5609665513038635
40.60364532470703,0.03970293700695038,1.0062686124405238,4.981440544128418,1.0062686124405238,0.5958077907562256
40.70353364944458,-0.06251118332147598,0.9336469787001532,4.978338241577148,0.9336469787001532,0.5747923254966736
40.80364227294922,-0.22462917864322662,0.8,4.982121467590332,0.8,0.6201068162918091
40.90348505973816,-0.05932027846574783,0.9391834767389226,4.987048625946045,0.9391834767389226,0.581773042678833
41.00340557098389,-0.10484214872121811,0.9586976236230764,5.0,0.9586976236230764,0.6064926981925964
41.1033661365509,0.1251595914363861,0.9694652391422491,4.973996162414551,0.9694652391422491,0.6339150071144104
41.20353364944458,-0.07993976026773453,1.0774303831788796,4.983817100524902,1.0774303831788796,0.6648593544960022
41.303462505340576,0.10156789422035217,0.9615973927001463,4.977763652801514,0.9615973927001463,0.6308205723762512
41.40347194671631,0.008944842033088207,1.1373230758672574,4.985503673553467,1.1373230758672574,0.6718250513076782
41.50334167480469,-0.0983421802520752,0.8856263658472131,4.9753265380859375,0.8856263658472131,0.6286055445671082
41.60340404510498,-0.026216864585876465,1.0078342283014763,4.9938154220581055,1.0078342283014763,0.6617013216018677
41.70341157913208,0.04242020845413208,1.003356333892038,4.854151725769043,1.003356333892038,0.6310887932777405
41.80333948135376,0.04391808062791824,0.958722016631264,5.0,0.958722016631264,0.6750290393829346
41.90341520309448,0.055952753871679306,0.8611051017667068,5.0,0.8611051017667068,0.6315697431564331
42.00323224067688,0.09416792541742325,0.8,4.913946628570557,0.8,0.6468199491500854
42.10353088378906,-0.14095436036586761,0.8,4.986264228820801,0.8,0.599134624004364
42.20375728607178,-0.09054788947105408,0.8,4.992222785949707,0.8,0.6307135820388794
42.303802251815796,-0.15504507720470428,0.8,4.995919227600098,0.8,0.574331521987915
42.40354013442993,-0.0778699517250061,0.8,5.0,0.8,0.5877016186714172
42.50148129463196,-0.10038098692893982,0.8,5.0,0.8,0.5963967442512512
42.60146427154541,-0.05187661945819855,0.8695953242479878,4.91662073135376,0.8695953242479878,0.6260376572608948
42.70156788825989,-0.1635257601737976,0.8,4.902211666107178,0.8,0.5746416449546814
42.80341053009033,-0.1181374341249466,0.8176417596971008,4.9871296882629395,0.8176417596971008,0.5813944339752197
42.90414595603943,-0.21584881842136383,0.8,4.902133464813232,0.8,0.6351439356803894
43.00347852706909,0.07107521593570709,1.0483394486123458,5.0,1.0483394486123458,0.6298826932907104
43.1015522480011,0.1099071055650711,1.0517983058558003,4.974536895751953,1.0517983058558003,0.6233648061752319
43.201589584350586,-0.11967328935861588,0.9665223145589343,4.936384677886963,0.9665223145589343,0.6352733969688416
43.301570653915405,-0.16786769032478333,0.8023749419135613,4.964276313781738,0.8023749419135613,0.6526978611946106
43.401358127593994,0.01243680715560913,1.1741483451027577,4.986542701721191,1.1741483451027577,0.6966272592544556
43.503336906433105,0.001733875833451748,1.2381441826696087,5.0,1.2381441826696087,0.6989068984985352
43.603418827056885,-0.027374356985092163,1.1560996642616221,4.925955295562744,1.1560996642616221,0.6299889087677002
43.70331025123596,-0.005227706860750914,1.1612180900068327,4.930652141571045,1.1612180900068327,0.625116765499115
43.80408024787903,0.020845945924520493,1.0994691650708228,4.98168420791626,1.0994691650708228,0.6372542977333069
43.90351462364197,-0.020016225054860115,1.0702079199004824,4.981574535369873,1.0702079199004824,0.628673255443573
44.00365710258484,-0.062137484550476074,0.9569017842815768,4.98930025100708,0.9569017842815768,0.6319501399993896
44.103543758392334,0.15887238085269928,0.8,4.959780693054199,0.8,0.6389890909194946
44.20381474494934,-0.06687290966510773,0.9203357359428548,4.968108177185059,0.9203357359428548,0.6000170111656189
44.30333161354065,-0.16482087969779968,0.8,4.893870830535889,0.8,0.6353994011878967
44.403268814086914,-0.12639574706554413,0.8,5.0,0.8,0.6305179595947266
44.50137972831726,-0.05977034568786621,0.9660731748532214,4.940007209777832,0.9660731748532214,0.6371456384658813
44.60349369049072,-0.1471136063337326,0.8413725993496037,4.97572660446167,0.8413725993496037,0.6357349157333374
44.703367948532104,-0.022256534546613693,1.097679214389341,4.974698543548584,1.097679214389341,0.63779217004776
44.80145978927612,0.008114919997751713,1.2008768274311057,4.974000453948975,1.2008768274311057,0.7020785212516785
44.901389360427856,-0.0683562308549881,1.0455486106505898,4.98095703125,1.0455486106505898,0.7090524435043335
45.00341796875,-0.014567410573363304,1.1795008136612843,4.982254505157471,1.1795008136612843,0.7076356410980225
45.10354471206665,0.06927677989006042,1.075072825557237,4.996942043304443,1.075072825557237,0.7074617147445679
45.20182681083679,-0.035631272941827774,1.0720352957643582,4.961496829986572,1.0720352957643582,0.7075188755989075
45.30151176452637,-0.09135547280311584,0.8875575248137022,4.986237525939941,0.8875575248137022,0.7010958194732666
45.403412103652954,0.03351230174303055,1.061791082610361,4.998067855834961,1.061791082610361,0.709560751914978
45.50385904312134,-0.09741821885108948,0.9332533358726849,4.98367166519165,0.9332533358726849,0.7093992233276367
45.60365319252014,-0.11807063966989517,0.8936751899542217,4.929772853851318,0.8936751899542217,0.7028818130493164
45.70357608795166,0.06471351534128189,1.12033587105259,5.0,1.12033587105259,0.7099109888076782
45.80342650413513,-0.07316581159830093,1.1591510550132793,4.989892482757568,1.1591510550132793,0.7045009732246399
45.903374910354614,-0.07217564433813095,1.054192838508178,4.979734897613525,1.054192838508178,0.6956011056900024
46.003340005874634,0.05687640234827995,1.2032492902063052,4.985761642456055,1.2032492902063052,0.7385678887367249
46.10343360900879,-0.05979152023792267,1.302110760962153,4.98619270324707,1.302110760962153,0.7215121388435364
46.2033166885376,-0.004046208690851927,1.4012951412769685,4.962245941162109,1.4012951412769685,0.7027314901351929
46.301443576812744,-0.05536670237779617,1.526879632899333,4.873009204864502,1.526879632899333,0.6731945276260376
46.401411056518555,-0.07661392539739609,1.5238506786478725,4.969483852386475,1.5238506786478725,0.6520544290542603
46.50146460533142,0.010957693681120872,1.8887723950526205,4.977560043334961,1.8887723950526205,0.6938832998275757
46.60140657424927,-0.15691152215003967,1.6839558991080177,4.961763858795166,1.6839558991080177,0.6478567719459534
46.70137333869934,-0.10652793198823929,1.9221063642169192,4.985959529876709,1.9221063642169192,0.6915584206581116
46.80141997337341,-0.09034181386232376,2.7302225679159164,4.97600793838501,2.7302225679159164,0.694159209728241
46.90127205848694,0.007157471030950546,3.1029986264543648,4.951263427734375,3.1029986264543648,0.7193232774734497
47.001514196395874,-0.0294223390519619,2.8806100023183108,4.9469313621521,2.8806100023183108,0.7226179242134094
47.10135459899902,0.04881992191076279,2.7496572582711623,4.981959819793701,2.7496572582711623,0.7219213843345642
47.20160365104675,-0.07827944308519363,2.589270324107823,4.970891952514648,2.589270324107823,0.7006120681762695
47.30188035964966,0.08275416493415833,2.5480890983808506,4.961143970489502,2.5480890983808506,0.6998852491378784
47.402873039245605,0.15381406247615814,2.0289445092529537,4.997431755065918,2.0289445092529537,0.6771045923233032
47.50318503379822,-0.03114929422736168,2.9404686386012036,4.971329212188721,2.9404686386012036,0.6682310104370117
47.60350275039673,-0.053865835070610046,2.919897657632828,4.9624714851379395,2.919897657632828,0.6041773557662964
47.70378375053406,-0.06185653805732727,2.874638873314058,4.947763442993164,2.874638873314058,0.6090729236602783
47.80154037475586,0.06652012467384338,2.7659017595655286,4.951060771942139,2.7659017595655286,0.5762526392936707
47.90171790122986,-0.09725639224052429,2.5647176695839145,5.0,2.5647176695839145,0.5741451978683472
48.001423835754395,0.01394708827137947,3.064256478579992,5.0,3.064256478579992,0.569164514541626
48.10130333900452,-0.027374375611543655,2.8224963677669272,5.0,2.8224963677669272,0.5613146424293518
48.203272342681885,-0.008548755198717117,2.8796972941106898,5.0,2.8796972941106898,0.5547313094139099
48.30345678329468,-0.06927940249443054,2.4733772224110684,4.950275421142578,2.4733772224110684,0.5596455931663513
48.40317964553833,-0.03783969208598137,2.3125685785412644,4.966876029968262,2.3125685785412644,0.542296826839447
48.50330662727356,0.03826036676764488,1.914840772677349,4.971781253814697,1.914840772677349,0.6018548011779785
48.60335636138916,0.10134250670671463,1.6106643015703885,4.9496893882751465,1.6106643015703885,0.6296898126602173
48.702781200408936,0.04604803025722504,1.9751126268104127,4.991678237915039,1.9751126268104127,0.5721179842948914
48.80261588096619,0.07523580640554428,2.0835958171832183,4.976495742797852,2.0835958171832183,0.628017783164978
48.903101444244385,0.04590388759970665,2.368483335616558,4.960249900817871,2.368483335616558,0.5616748929023743
49.00289034843445,0.027409227564930916,2.654158069632564,5.0,2.654158069632564,0.600462019443512
49.10307240486145,-0.11235520988702774,2.3365571151961038,4.999043941497803,2.3365571151961038,0.5647267699241638
49.203147411346436,-0.06349174678325653,2.430586586934769,4.955051898956299,2.430586586934769,0.5620161890983582
49.302570819854736,0.035366591066122055,2.156796909479769,4.986691951751709,2.156796909479769,0.5761118531227112
49.403454542160034,0.03188931196928024,2.042823692539603,4.980284690856934,2.042823692539603,0.6039481163024902
49.502652168273926,0.08937552571296692,1.8829697337624167,4.971269130706787,1.8829697337624167,0.6273891925811768
49.60162353515625,0.08656832575798035,2.0452057853595167,4.994240760803223,2.0452057853595167,0.5810113549232483
49.703402280807495,0.1279042363166809,2.1169454100151284,4.977538585662842,2.1169454100151284,0.5623723268508911
49.80376672744751,0.07661241292953491,2.6098372661907803,4.981025218963623,2.6098372661907803,0.5975576639175415
49.903085708618164,-0.07627126574516296,2.789782201416755,5.0,2.789782201416755,0.5593273043632507
50.003164768218994,0.005464008543640375,3.17158715557307,5.0,3.17158715557307,0.4977482855319977
50.101462602615356,0.08042041957378387,2.727547509071024,5.0,2.727547509071024,0.48691466450691223
50.20148801803589,-0.05169249325990677,2.931199035048485,4.954224586486816,2.931199035048485,0.42140206694602966
50.30142903327942,-0.14568932354450226,2.4424155175685884,5.0,2.4424155175685884,0.414130836725235
50.401416540145874,-0.01595953293144703,2.9982447010210835,5.0,2.9982447010210835,0.3546870946884155
50.50145483016968,-0.08991983532905579,2.2403954853550423,5.0,2.2403954853550423,0.41664326190948486
50.603508710861206,0.01003033947199583,2.2430833072897047,5.0,2.2430833072897047,0.43787452578544617
50.70295715332031,0.014248805120587349,1.9833741609217148,5.0,1.9833741609217148,0.4835057556629181
50.80321717262268,0.03587867692112923,1.919183921495918,4.9897894859313965,1.919183921495918,0.48984962701797485
50.901287317276,0.029323304072022438,1.9602225342083828,4.965333938598633,1.9602225342083828,0.5498928427696228
51.004382610321045,0.07856795191764832,1.8987083481705866,4.986974239349365,1.8987083481705866,0.5129585862159729
51.10358786582947,0.046217553317546844,2.141091027420832,5.0,2.141091027420832,0.4860011339187622
51.201409339904785,-0.09900956600904465,2.1591499058588854,4.950788974761963,2.1591499058588854,0.49619945883750916
51.30222964286804,0.03955703601241112,2.4044717853373867,5.0,2.4044717853373867,0.5621758103370667
51.40323877334595,0.11457259953022003,1.756315354194528,4.956036567687988,1.756315354194528,0.5486171245574951
51.50335907936096,0.11752177029848099,2.0626517529829544,4.968785762786865,2.0626517529829544,0.5624240636825562
51.603079319000244,0.10122915357351303,2.4619567029321825,4.991556167602539,2.4619567029321825,0.5575634837150574
51.701677560806274,0.04000344127416611,2.9919821053743365,4.968742847442627,2.9919821053743365,0.5517378449440002
51.80309057235718,-0.03719239681959152,2.9951623476134897,5.0,2.9951623476134897,0.490013986825943
51.90309286117554,-0.16658641397953033,2.139819953742775,5.0,2.139819953742775,0.4831683933734894
52.00169897079468,-0.12149284034967422,2.5627113892117084,4.971144676208496,2.5627113892117084,0.4942433536052704
52.10161590576172,-0.1115894764661789,2.138440201435571,4.933313846588135,2.138440201435571,0.5654667019844055
52.2013418674469,0.1656094789505005,1.3424680580881585,4.963846206665039,1.3424680580881585,0.5702994465827942
52.30132818222046,0.006261348724365234,1.484734469791755,4.931214809417725,1.484734469791755,0.6353969573974609
52.403053283691406,0.026500990614295006,1.6566877766358938,4.9698991775512695,1.6566877766358938,0.634250283241272
52.5032753944397,-0.0023872205056250095,1.7199643185762248,4.991891384124756,1.7199643185762248,0.6248858571052551
52.603572368621826,0.17785757780075073,1.1958948921712336,4.9791789054870605,1.1958948921712336,0.6997970342636108
52.70308756828308,0.0758666843175888,1.5875315481814334,4.982058048248291,1.5875315481814334,0.6969881653785706
52.80362606048584,0.011273974552750587,2.276745794461907,4.987563133239746,2.276745794461907,0.7013148665428162
52.90204310417175,0.07015763223171234,2.1907852631741775,4.948631286621094,2.1907852631741775,0.7045078873634338
53.00151205062866,0.11421874910593033,2.1610629841420694,5.0,2.1610629841420694,0.7023387551307678
53.10133075714111,0.05772016569972038,2.745580579212246,5.0,2.745580579212246,0.6530842185020447
53.201520919799805,0.082986980676651,2.768467700481415,5.0,2.768467700481415,0.701442539691925
53.30141282081604,0.0544939823448658,2.916631291806698,4.9508056640625,2.916631291806698,0.7028651833534241
53.40296506881714,-0.01782556250691414,2.7908825695799964,4.957417011260986,2.7908825695799964,0.6240808367729187
53.503024101257324,0.07661820948123932,2.2501189532848986,4.98737907409668,2.2501189532848986,0.6123784780502319
53.6029372215271,-0.056817956268787384,2.148917005222775,4.958054542541504,2.148917005222775,0.564680278301239
53.701345682144165,-0.08642619103193283,1.6800645351717158,5.0,1.6800645351717158,0.5587391257286072
53.80153679847717,-0.02026517502963543,2.3853400059110004,4.976128578186035,2.3853400059110004,0.5021960735321045
53.901588678359985,0.05311822518706322,2.5778544969789783,4.968112945556641,2.5778544969789783,0.5615521669387817
54.00138711929321,-0.03685532137751579,2.5225924352243485,5.0,2.5225924352243485,0.5539882779121399
54.10126972198486,-0.08201425522565842,2.1383382688880364,4.960268020629883,2.1383382688880364,0.48353633284568787
54.20134997367859,-0.09227029234170914,2.510142459627612,4.969747066497803,2.510142459627612,0.5316541194915771
54.30143857002258,-0.07345837354660034,2.8180164575576785,4.953769207000732,2.8180164575576785,0.5608653426170349
54.403409242630005,0.08630689233541489,2.655676438064183,4.953392505645752,2.655676438064183,0.5611679553985596
54.50130248069763,0.049391958862543106,2.76576969901542,4.961830139160156,2.76576969901542,0.5832151174545288
54.60153889656067,0.10969014465808868,2.614135972443932,4.951221466064453,2.614135972443932,0.6337485313415527
54.70127749443054,0.026124369353055954,3.0641532793641093,4.958279609680176,3.0641532793641093,0.5610026717185974
54.801355600357056,-0.13824546337127686,2.02487276815487,4.952128887176514,2.02487276815487,0.5365177989006042
54.90126705169678,-0.10014240443706512,2.409903083502187,4.968891143798828,2.409903083502187,0.5592926144599915
55.001286029815674,0.034878864884376526,2.964522868219605,4.966564655303955,2.964522868219605,0.5627965331077576
55.101444244384766,-0.029303185641765594,2.7847589888293847,4.9438796043396,2.7847589888293847,0.6008728742599487
55.20127296447754,-0.07593043148517609,2.5509411631432175,5.0,2.5509411631432175,0.6339316964149475
55.301347732543945,0.007481032516807318,2.6771311840340624,4.9506049156188965,2.6771311840340624,0.6351193189620972
55.40154147148132,0.03099818341434002,2.3150582896842047,4.998445987701416,2.3150582896842047,0.6699554324150085
55.50126910209656,0.10640628635883331,1.996957841385146,4.949342727661133,1.996957841385146,0.7072303295135498
55.60134768486023,0.04966270923614502,2.359749675464309,5.0,2.359749675464309,0.7055431604385376
55.701289892196655,0.06704700738191605,2.3533224262953873,5.0,2.3533224262953873,0.7259029746055603
55.801562786102295,-0.04222419112920761,2.454151941071416,4.980015277862549,2.454151941071416,0.7053618431091309
55.901336908340454,-0.014140767976641655,2.531036793824115,5.0,2.531036793824115,0.7017529606819153
56.00136351585388,-0.04927543178200722,2.286930506570522,4.948746204376221,2.286930506570522,0.716853141784668
56.10143756866455,-0.027697961777448654,2.2802500364648353,5.0,2.2802500364648353,0.7057833075523376
56.20125198364258,-0.07544422149658203,2.0150669438086197,4.964603900909424,2.0150669438086197,0.7007162570953369
56.30156922340393,0.05557014420628548,1.9835834132486567,4.999735355377197,1.9835834132486567,0.7086288928985596
56.40141296386719,-0.02290702983736992,2.001538097232628,4.948559761047363,2.001538097232628,0.7567000985145569
56.50174832344055,0.0555662140250206,1.8618191945026255,5.0,1.8618191945026255,0.7839401960372925
56.60368061065674,0.05097876489162445,1.8385903847389062,4.977991104125977,1.8385903847389062,0.783107340335846
56.70351719856262,0.07935081422328949,1.7195509586474722,4.970190048217773,1.7195509586474722,0.7930867075920105
56.80339455604553,0.04593312367796898,1.8120151844795382,4.968051910400391,1.8120151844795382,0.7697775959968567
56.90140461921692,-0.06280913949012756,1.7370712393987255,4.971323013305664,1.7370712393987255,0.7828710079193115
57.00140333175659,-0.026993509382009506,1.7988361366708672,4.974466323852539,1.7988361366708672,0.7146872878074646
57.10142111778259,0.031725089997053146,1.721638270939708,4.993117809295654,1.721638270939708,0.7158599495887756
57.20334005355835,-0.04076830670237541,1.6500373991940693,4.998741626739502,1.6500373991940693,0.7476050853729248
57.303516149520874,-0.014831563457846642,1.6673128041842689,4.976589202880859,1.6673128041842689,0.7793914079666138
57.40350961685181,0.08402001112699509,1.410959898050007,4.994838237762451,1.410959898050007,0.7795905470848083
57.503084897994995,0.03531079366803169,1.4959725657563512,4.971081256866455,1.4959725657563512,0.7125484943389893
57.602121114730835,0.06938177347183228,1.393105487092533,4.9882378578186035,1.393105487092533,0.7429754137992859
57.70315098762512,-0.026574406772851944,1.4834965001338574,4.947661399841309,1.4834965001338574,0.708376944065094
57.80312180519104,0.011725029908120632,1.4798974007795476,4.938564300537109,1.4798974007795476,0.7034516930580139
57.90366768836975,-7.314654067158699e-05,1.468922420613114,4.945343971252441,1.468922420613114,0.7043724060058594
58.00360655784607,-0.06898501515388489,1.2603684435432525,4.995326995849609,1.2603684435432525,0.6598731875419617
58.10377478599548,0.07453571259975433,1.2009893750528915,5.0,1.2009893750528915,0.6983076930046082
58.20366048812866,0.0298159196972847,1.2564321414280881,4.9194865226745605,1.2564321414280881,0.6922466158866882
58.30359435081482,0.015246694907546043,1.262386114521693,5.0,1.262386114521693,0.6396071910858154
58.403459548950195,-0.067245252430439,1.1197421864517128,4.976301193237305,1.1197421864517128,0.6316301226615906
58.503172397613525,-0.0540907122194767,1.109957360633029,4.9737162590026855,1.109957360633029,0.6333742141723633
58.601479053497314,-0.048777710646390915,1.070140725773132,4.975657939910889,1.070140725773132,0.6702125072479248
58.70325756072998,0.027748344466090202,1.0746596844957388,4.963926315307617,1.0746596844957388,0.6903380155563354
58.803494691848755,-0.031238563358783722,1.0381741093856458,4.951308727264404,1.0381741093856458,0.6315634250640869
58.903486013412476,0.004370348993688822,1.05767183191845,4.960854530334473,1.05767183191845,0.6270412802696228
59.00338125228882,-0.022187167778611183,0.9869994493399825,4.972442626953125,0.9869994493399825,0.6288793683052063
59.1013822555542,0.05971857160329819,0.8979533109506521,4.666440010070801,0.8979533109506521,0.6358912587165833
59.203431129455566,0.017980102449655533,0.9347316555004456,4.971469402313232,0.9347316555004456,0.6364882588386536
59.30365467071533,0.10446564853191376,0.8,4.984035015106201,0.8,0.5668156147003174
59.40331435203552,0.06609932333230972,0.8161827648558118,4.981638431549072,0.8161827648558118,0.5564616918563843
59.50330972671509,0.053062815219163895,0.8212272036169496,4.799882888793945,0.8212272036169496,0.5740483403205872
59.603384017944336,-0.10649413615465164,0.8,4.986835956573486,0.8,0.5994697213172913
59.701415061950684,-0.014508701860904694,0.8367084679710174,5.0,0.8367084679710174,0.5552491545677185
59.80140233039856,0.12998710572719574,0.8,4.990870952606201,0.8,0.553488552570343
59.901407957077026,0.12686780095100403,0.8,4.707065105438232,0.8,0.5627484321594238
60.00141787528992,0.11457373946905136,0.8,5.0,0.8,0.5620474219322205
60.101398944854736,0.16378404200077057,0.8,4.909195423126221,0.8,0.48837390542030334
60.201416015625,0.09664251655340195,0.8,4.977058410644531,0.8,0.48560670018196106
60.30130457878113,0.18348485231399536,0.8,4.93004846572876,0.8,0.41019102931022644
60.40138220787048,0.1276533156633377,0.8,4.97609806060791,0.8,0.41075190901756287
60.50307059288025,0.21672125160694122,0.8,4.974782943725586,0.8,0.3521863520145416
60.60361361503601,0.2003294974565506,0.8,4.943971633911133,0.8,0.30266904830932617
60.70336103439331,0.12791505455970764,0.8,4.92056941986084,0.8,0.33593156933784485
60.80151629447937,0.10604081302881241,0.8,4.975353240966797,0.8,0.294100821018219
60.90169715881348,0.06551585346460342,0.8,4.923700332641602,0.8,0.2835228145122528
61.001718282699585,0.17033588886260986,0.8,4.702905178070068,0.8,0.3088625371456146
61.10155892372131,0.16503258049488068,0.8,4.895846843719482,0.8,0.36978572607040405
61.203575134277344,0.061552681028842926,0.8945743335205977,4.914062023162842,0.8945743335205977,0.4242454469203949
61.30155301094055,0.19692064821720123,0.8,4.982202053070068,0.8,0.4023841619491577
61.4015212059021,0.13162635266780853,0.935172432468627,4.880012512207031,0.935172432468627,0.44422629475593567
61.50167465209961,0.10795177519321442,1.1468316895513238,4.950100421905518,1.1468316895513238,0.48977306485176086
61.60154747962952,0.1618809551000595,1.141693775874202,4.8937883377075195,1.141693775874202,0.5552709698677063
61.701557874679565,0.14153383672237396,1.1479138383384313,4.980282783508301,1.1479138383384313,0.5283932685852051
61.801543951034546,0.08754490315914154,1.21126383497539,4.976720333099365,1.21126383497539,0.5825145244598389
61.90171408653259,0.09465803951025009,1.140058879027686,4.959131717681885,1.140058879027686,0.6404948830604553
62.00188684463501,0.03290359675884247,1.2246847341725577,4.9695515632629395,1.2246847341725577,0.6975233554840088
62.10166835784912,0.18560394644737244,0.8650220156114365,4.976356506347656,0.8650220156114365,0.7412405610084534
62.20160913467407,0.05959745869040489,1.0615440822786626,4.890406608581543,1.0615440822786626,0.724426805973053
62.301722288131714,0.05089547485113144,1.0340672538259539,4.979832172393799,1.0340672538259539,0.7868874073028564
62.401567220687866,0.1644115149974823,0.8,4.975982189178467,0.8,0.7662604451179504
62.501593828201294,0.037159763276576996,0.9632446627866997,4.896899223327637,0.9632446627866997,0.8064212203025818
62.601567029953,-0.0962858572602272,0.8157683226652991,4.9773783683776855,0.8157683226652991,0.7968854308128357
62.70151233673096,-0.0539998896420002,0.8659056611441904,4.953267574310303,0.8659056611441904,0.8575292825698853
62.801594495773315,-0.12968482077121735,0.8,4.47562837600708,0.8,0.8475735187530518
62.90155792236328,0.015073012560606003,0.9040085494502977,4.962670803070068,0.9040085494502977,0.9044564962387085
63.00170612335205,-0.07376780360937119,0.8019068362866499,4.974327564239502,0.8019068362866499,0.9484822154045105
63.10158729553223,-0.012872327119112015,0.8746015389102834,4.984386920928955,0.8746015389102834,0.9301944971084595
63.20165228843689,-0.018376149237155914,0.8504303687649992,5.0,0.8504303687649992,0.9587445855140686
63.301690101623535,-0.018905652686953545,0.829789446426119,5.0,0.829789446426119,0.945566713809967
63.40161061286926,-0.05338507518172264,0.8,4.983001708984375,0.8,0.9226217865943909
63.5015664100647,-0.12702742218971252,0.8,4.978775501251221,0.8,0.8723361492156982
63.60151982307434,-0.12469068914651871,0.8,4.992846965789795,0.8,0.8947687745094299
63.701711893081665,-0.02370462939143181,0.8,4.991225719451904,0.8,0.8602178692817688
63.80166530609131,-0.07421431690454483,0.8,4.979701042175293,0.8,0.8381407856941223
63.90172243118286,-0.10867829620838165,0.8,4.984342098236084,0.8,0.811063826084137
64.00156164169312,-0.06615200638771057,0.8,4.989288330078125,0.8,0.8594616651535034
64.10159850120544,-0.05788784474134445,0.8,4.981791973114014,0.8,0.8125827312469482
64.20154523849487,-0.15635904669761658,0.8,4.964915752410889,0.8,0.8031103610992432
64.30149221420288,-0.17084740102291107,0.8,4.982631206512451,0.8,0.8025040626525879
64.40153312683105,-0.15150506794452667,0.8,4.98309850692749,0.8,0.8050985932350159
64.5015013217926,-0.04263351485133171,0.8,4.795345306396484,0.8,0.7593309283256531
64.60130548477173,-0.1814420372247696,0.8,4.981155872344971,0.8,0.8122507333755493
64.70137596130371,-0.1063726395368576,0.8,4.972137451171875,0.8,0.77061527967453
64.80138039588928,-0.2029670923948288,0.8,4.994027137756348,0.8,0.7940893173217773
64.90147018432617,-0.20662584900856018,0.8,4.9896416664123535,0.8,0.7668284773826599
65.00206470489502,-0.19074562191963196,0.8,4.980278015136719,0.8,0.7986774444580078
65.10176587104797,-0.12916989624500275,0.8,4.985156536102295,0.8,0.7377985119819641
65.20312786102295,-0.2161027491092682,0.8,4.987964153289795,0.8,0.7917473912239075
65.30353450775146,-0.2327326238155365,0.8,4.975160598754883,0.8,0.7734203338623047
65.4033133983612,-0.2493661344051361,0.8,5.0,0.8,0.7882617115974426
65.50154972076416,-0.11994805186986923,0.8,4.978564262390137,0.8,0.7808170318603516
65.60144758224487,-0.17684434354305267,0.8,4.9914398193359375,0.8,0.7719493508338928
65.70142769813538,-0.23800170421600342,0.8,5.0,0.8,0.7811601161956787
65.80138754844666,-0.18320448696613312,0.8,4.967098712921143,0.8,0.7828730344772339
65.90344166755676,-0.0005389060825109482,0.8,4.981047630310059,0.8,0.7840660214424133
66.00140118598938,-0.1593475490808487,0.8,4.9877495765686035,0.8,0.780918538570404
66.10140991210938,-0.09388992190361023,0.8,4.959522724151611,0.8,0.795358419418335
66.20143461227417,-0.028884220868349075,0.8,4.972745418548584,0.8,0.8137597441673279
66.30140590667725,-0.029764492064714432,0.8,4.973254680633545,0.8,0.8396019339561462
66.40141820907593,0.000528442207723856,0.8,4.982611656188965,0.8,0.8611202239990234
66.50142359733582,-0.07715361565351486,0.8,4.983593940734863,0.8,0.896453320980072
66.6013855934143,-0.07862598448991776,0.8,4.985921859741211,0.8,0.933371365070343
66.7014012336731,-0.19995823502540588,0.8,4.987276554107666,0.8,0.9533740282058716
66.80165505409241,-0.15399186313152313,0.8,4.983330726623535,0.8,0.9574804902076721
66.90137910842896,-0.0191392470151186,0.8302019379985933,4.980133533477783,0.8302019379985933,0.9204573631286621
67.00293731689453,-0.18163496255874634,0.8,4.985747337341309,0.8,0.8949623703956604
67.10384273529053,-0.04289839789271355,0.8602237086136942,4.932164192199707,0.8602237086136942,0.8368958234786987
67.20275712013245,-0.05831262469291687,0.9361792471435528,4.9333930015563965,0.9361792471435528,0.8788551092147827
67.30317115783691,-0.057525210082530975,0.9289437149280237,4.9870758056640625,0.9289437149280237,0.8555358052253723
67.40351343154907,-0.07164721190929413,0.956865027691119,4.984621047973633,0.956865027691119,0.8255512118339539
67.503488779068,-0.10841908305883408,0.9165872482930731,4.7971954345703125,0.9165872482930731,0.7940782308578491
67.60326886177063,-0.036536380648612976,1.2004216057013612,4.931212425231934,1.2004216057013612,0.8247025609016418
67.7016179561615,-0.10185928642749786,1.2663454155817386,4.876822471618652,1.2663454155817386,0.7639021277427673
67.80324149131775,0.06767083704471588,1.6246392748793006,4.976551055908203,1.6246392748793006,0.7415642142295837
67.90306377410889,-0.09290248900651932,1.574880559112687,4.951188564300537,1.574880559112687,0.7638592720031738
68.00338339805603,-0.09094806015491486,1.5326811069855026,4.954003810882568,1.5326811069855026,0.7262470126152039
68.10361766815186,-0.02250240184366703,1.9921114990560487,4.982909202575684,1.9921114990560487,0.7351078391075134
68.20359873771667,-0.09949218481779099,1.7470308737306888,4.95622444152832,1.7470308737306888,0.678939163684845
68.30137705802917,0.08611748367547989,1.9040989196679927,4.980737686157227,1.9040989196679927,0.674862802028656
68.40338826179504,-0.040724147111177444,1.9913608982816142,4.974482536315918,1.9913608982816142,0.6928545832633972
68.50391483306885,-0.09092425554990768,1.7790776300821127,4.97400426864624,1.7790776300821127,0.7004330158233643
68.60359382629395,0.06269435584545135,1.8055151245622216,4.9945068359375,1.8055151245622216,0.7000449895858765
68.70372128486633,-0.043404288589954376,1.7897684425454934,4.980771064758301,1.7897684425454934,0.7018828988075256
68.80376958847046,-0.06902525573968887,1.6815431725870678,4.985445499420166,1.6815431725870678,0.7242714166641235
68.90138602256775,0.12057943642139435,1.4378166432591222,4.969361305236816,1.4378166432591222,0.7315182089805603
69.00158953666687,0.000611236784607172,1.740065484409967,4.964803218841553,1.740065484409967,0.7384098768234253
69.1013765335083,-0.024473821744322777,1.6488311021165372,5.0,1.6488311021165372,0.6942995190620422
69.20148491859436,0.006229684688150883,1.6603768169318973,4.963070869445801,1.6603768169318973,0.698327362537384
69.30139255523682,0.02224978432059288,1.5666047810129111,4.963482856750488,1.5666047810129111,0.7186157703399658
69.4013900756836,0.01159726083278656,1.5530248877252524,4.964317798614502,1.5530248877252524,0.7276602387428284
69.50140738487244,-0.014304561540484428,1.4996447511493354,4.980181694030762,1.4996447511493354,0.6636247634887695
69.60139489173889,-0.006969430949538946,1.4687485967152138,4.981884956359863,1.4687485967152138,0.6623678803443909
69.70140218734741,-0.036161769181489944,1.354399233446243,4.960198879241943,1.354399233446243,0.6926416158676147
69.80159091949463,-0.039987172931432724,1.2937357212204232,4.983008861541748,1.2937357212204232,0.6938956379890442
69.90136981010437,0.07911883294582367,1.1567139483376288,4.989631175994873,1.1567139483376288,0.6683229804039001
70.0014181137085,-0.06851533055305481,1.1436967907195965,4.990005016326904,1.1436967907195965,0.673649787902832
70.10163450241089,0.047103896737098694,1.1579415512311186,4.983850479125977,1.1579415512311186,0.7168234586715698
70.20135450363159,-0.030950523912906647,1.1429693459221468,5.0,1.1429693459221468,0.6676152944564819
70.30136966705322,0.021187759935855865,1.1463425969333363,4.982408046722412,1.1463425969333363,0.6953688859939575
70.40325140953064,-0.039929430931806564,1.0695148468194284,4.989964485168457,1.0695148468194284,0.6321824193000793
70.50133776664734,0.022038370370864868,1.0636018445594118,4.9716081619262695,1.0636018445594118,0.6764819025993347
70.60331964492798,0.10014121979475021,0.8914611899772842,4.938666343688965,0.8914611899772842,0.7193560004234314
70.70137047767639,0.023958617821335793,1.0046967198722083,4.914767742156982,1.0046967198722083,0.6614854335784912
70.80152654647827,-0.025760963559150696,0.9801413086426498,4.880033016204834,0.9801413086426498,0.6360093355178833
70.90135312080383,0.02104252576828003,0.9585579487221004,4.975981712341309,0.9585579487221004,0.6638550758361816
71.00136017799377,0.06665083765983582,0.8540913789479756,4.979324817657471,0.8540913789479756,0.6538956165313721
71.1014416217804,-0.006706905085593462,0.9322020343320814,4.942267417907715,0.9322020343320814,0.6735256910324097
71.20140790939331,0.0814436748623848,0.8065515329240092,4.933696269989014,0.8065515329240092,0.6497832536697388
71.30146479606628,0.06093356013298035,0.8107442677847665,5.0,0.8107442677847665,0.6424926519393921
71.40131640434265,0.06541591882705688,0.8,4.89161491394043,0.8,0.6605179309844971
71.50145602226257,0.11357429623603821,0.8,4.91780948638916,0.8,0.6410858631134033
71.6015694141388,0.05413104221224785,0.8,4.905706405639648,0.8,0.630344808101654
71.70148348808289,0.15783824026584625,0.8,4.986976146697998,0.8,0.6134512424468994
71.80340552330017,0.12600088119506836,0.8,5.0,0.8,0.647295355796814
71.90297150611877,0.06817013025283813,0.8,4.981786251068115,0.8,0.6292228102684021
72.00313639640808,0.1496392786502838,0.8,5.0,0.8,0.5933408141136169
72.10153794288635,0.0775594562292099,0.8,4.7804670333862305,0.8,0.5696423053741455
72.20141553878784,0.10230506211519241,0.8,4.98101806640625,0.8,0.5622895359992981
72.30146837234497,0.02382046729326248,0.8,4.980098724365234,0.8,0.5290054678916931
72.40362811088562,0.05693022161722183,0.8,4.982059955596924,0.8,0.5116921663284302
72.50147557258606,0.11990562081336975,0.8,5.0,0.8,0.4984647333621979
72.6014232635498,0.10426878184080124,0.8,4.984909534454346,0.8,0.49370869994163513
72.70142483711243,0.1845986694097519,0.8,4.979712009429932,0.8,0.49769723415374756
72.80140089988708,0.14163838326931,0.8,4.995671272277832,0.8,0.5122911930084229
72.90142941474915,0.16060684621334076,0.8,4.979684829711914,0.8,0.4637129604816437
73.00334644317627,0.14038649201393127,0.8,4.973569393157959,0.8,0.5113232135772705
73.10327363014221,0.14027439057826996,0.8,4.982598304748535,0.8,0.5430275201797485
73.20328640937805,0.15542496740818024,0.8,4.982751846313477,0.8,0.600319504737854
73.3012421131134,0.10589929670095444,0.8,4.979186058044434,0.8,0.6524797081947327
73.40140438079834,0.10084637254476547,0.8,5.0,0.8,0.7112461924552917
73.50132393836975,0.0779736116528511,0.8,4.99474573135376,0.8,0.7406579852104187
73.60137271881104,0.10343053936958313,0.8,4.9332451820373535,0.8,0.7925293445587158
73.70295095443726,0.037906911224126816,0.8,4.936922550201416,0.8,0.8452466130256653
73.8013207912445,0.022748105227947235,0.8,4.976141452789307,0.8,0.969018280506134
73.90131950378418,-0.04813876748085022,0.8,4.961812973022461,0.8,1.0467380285263062
74.00175857543945,-0.02127368189394474,0.8,4.9706220626831055,0.8,0.9585049748420715
74.10292863845825,-0.05693598836660385,0.8,4.988748073577881,0.8,0.8830550312995911
74.20319771766663,-0.11715414375066757,0.8,4.9823126792907715,0.8,0.8071567416191101
74.302818775177,-0.14017479121685028,0.8,4.951058387756348,0.8,0.762057900428772
74.4028754234314,-0.07688498497009277,0.8,4.9866437911987305,0.8,0.6924745440483093
74.50290727615356,-0.13663597404956818,0.8,4.962067604064941,0.8,0.6309193968772888
74.60284185409546,-0.11315872520208359,0.8,4.9826555252075195,0.8,0.5579655170440674
74.70312166213989,-0.09021342545747757,0.8,5.0,0.8,0.48280587792396545
74.80311393737793,-0.07378941774368286,0.8,4.951255798339844,0.8,0.41443225741386414
74.903240442276,-0.05819764733314514,0.8,4.960353374481201,0.8,0.26501697301864624
75.00363683700562,-0.15455612540245056,0.8,4.946755886077881,0.8,0.19439341127872467
75.10326385498047,0.10468274354934692,0.8,4.985997676849365,0.8,0.40922510623931885
75.20361495018005,0.03227458894252777,0.8,4.98489236831665,0.8,0.39753633737564087
75.3029088973999,-0.016146590933203697,0.8,4.963575839996338,0.8,0.363681823015213
75.40134382247925,-0.06094476580619812,0.8,4.962347984313965,0.8,0.36306026577949524
75.50339198112488,-0.08697139471769333,0.8,4.955368518829346,0.8,0.3384625315666199
75.60352563858032,-0.02835875004529953,0.8,4.963647842407227,0.8,0.30608972907066345
75.70357513427734,0.009811345487833023,0.8,5.0,0.8,0.280667245388031
75.80340886116028,-0.02207212895154953,0.8,4.974930286407471,0.8,0.2596929967403412
75.90139937400818,0.006458197254687548,0.8,4.948526859283447,0.8,0.23663075268268585
76.00144553184509,0.04177568480372429,0.8,4.980340957641602,0.8,0.18856680393218994
76.10159516334534,-0.04541999474167824,0.8,4.974729537963867,0.8,0.18014872074127197
76.20144057273865,-0.052958082407712936,0.8,4.969611167907715,0.8,0.18335917592048645
76.30145215988159,-0.0014344612136483192,0.8,4.93800687789917,0.8,0.18233488500118256
76.40167045593262,-0.008288582786917686,0.8,4.980247497558594,0.8,0.18180495500564575
76.50151038169861,0.023251283913850784,0.8,4.971538543701172,0.8,0.18035255372524261
76.60131120681763,0.006811408791691065,0.8,4.973690032958984,0.8,0.17512738704681396
76.70347213745117,-0.03155939280986786,0.8,4.974212169647217,0.8,0.18276651203632355
76.80145382881165,-0.0028659612871706486,0.8,4.973283290863037,0.8,0.17290712893009186
76.90135550498962,-0.03243023529648781,0.8,4.959105014801025,0.8,0.18427778780460358
77.00346660614014,-0.0011518774554133415,0.8,4.976378440856934,0.8,0.17135405540466309
77.1035897731781,-0.03715024143457413,0.8,5.0,0.8,0.18112027645111084
77.20138168334961,-0.024207139387726784,0.8,4.974165916442871,0.8,0.1782335638999939
77.30344295501709,0.03506078943610191,0.8,4.978145599365234,0.8,0.17532406747341156
77.40337204933167,0.022090410813689232,0.8,4.994843482971191,0.8,0.18331217765808105
77.50428438186646,0.02795284055173397,0.8,4.976413726806641,0.8,0.17573589086532593
77.60347938537598,0.08232009410858154,0.8,4.980217456817627,0.8,0.1802024096250534
77.7033212184906,0.0006339186802506447,0.8,4.972253799438477,0.8,0.1728329360485077
77.80143451690674,0.03078867867588997,0.8,4.976361274719238,0.8,0.1393963247537613
77.90141010284424,-0.0293256975710392,0.8,4.977491855621338,0.8,0.1360030621290207
78.00144410133362,0.007701084949076176,0.8,4.9114603996276855,0.8,0.13236714899539948
78.10137295722961,-0.043413497507572174,0.8,4.974565029144287,0.8,0.13854601979255676
78.20139980316162,0.046393461525440216,0.8,4.975989818572998,0.8,0.1421467661857605
78.30135226249695,-0.01911398395895958,0.8,4.973861217498779,0.8,0.1437368243932724
78.40144038200378,-0.0011156117543578148,0.8,4.947357654571533,0.8,0.13677534461021423
78.50336575508118,0.04135914519429207,0.8,4.976055145263672,0.8,0.1397990733385086
78.60367631912231,0.036458443850278854,0.8,4.976070880889893,0.8,0.1331896334886551
78.70326948165894,0.03601536527276039,0.8,4.977385997772217,0.8,0.1379890739917755
78.80337429046631,0.05242224037647247,0.8,4.97581148147583,0.8,0.13567720353603363
78.90377497673035,0.012196128256618977,0.8,4.990047931671143,0.8,0.14098519086837769
79.00260949134827,0.0754205584526062,0.8,4.9762864112854,0.8,0.11419706791639328
79.10146951675415,-0.05484922230243683,0.8,4.9740309715271,0.8,0.11983760446310043
79.2014434337616,-0.018500622361898422,0.8,4.968656539916992,0.8,0.11385359615087509
79.30142450332642,0.042004749178886414,0.8,4.933587551116943,0.8,0.11774012446403503
79.40141606330872,-0.027981534600257874,0.8,4.975867748260498,0.8,0.11875929683446884
79.50135087966919,-0.02879142388701439,0.8,4.969775676727295,0.8,0.11161421984434128
79.601553440094,0.04273968189954758,0.8,4.973850727081299,0.8,0.11742433160543442
79.70128178596497,0.019292544573545456,0.8,4.971773147583008,0.8,0.1097109466791153
79.80130982398987,-0.05883225053548813,0.8,4.970974922180176,0.8,0.12012156844139099
79.90128111839294,-0.008332382887601852,0.8,4.97310733795166,0.8,0.11826775968074799
80.00131034851074,0.04337777942419052,0.8,4.975532054901123,0.8,0.11792822927236557
80.10132002830505,0.0004896312020719051,0.8,4.968462944030762,0.8,0.07422315329313278
80.20172190666199,0.05832386389374733,0.8,5.0,0.8,0.07508650422096252
80.30128288269043,0.047418031841516495,0.8,4.975208282470703,0.8,0.07154934853315353
80.40137887001038,-0.022412298247218132,0.8,4.768651008605957,0.8,0.07676833868026733
80.5015857219696,-0.00950055755674839,0.8,4.96842622756958,0.8,0.08099841326475143
80.60377502441406,-0.007255974691361189,0.8,4.9640069007873535,0.8,0.06950341910123825
80.7031500339508,0.02259109914302826,0.8,4.976131439208984,0.8,0.0768594965338707
80.8030059337616,0.03786497190594673,0.8,4.976312160491943,0.8,0.0783439576625824
80.90372157096863,0.03126225247979164,0.8,4.974364757537842,0.8,0.07980505377054214
81.00152397155762,0.032865073531866074,0.8,4.976175785064697,0.8,0.07207650691270828
81.10309743881226,0.02207501046359539,0.8,4.973127365112305,0.8,0.06940224766731262
81.20338797569275,0.05522020533680916,0.8,4.9755659103393555,0.8,0.0714559331536293
81.30371642112732,0.00844082236289978,0.8,4.9759721755981445,0.8,0.07567757368087769
81.40371227264404,0.025022262707352638,0.8,4.929361343383789,0.8,0.07310585677623749
81.5036506652832,-0.00497634569182992,0.8,4.975438117980957,0.8,0.074337899684906
81.60146188735962,-0.01717570424079895,0.8,5.0,0.8,0.0745495855808258
81.70145392417908,0.011900082230567932,0.8,4.969756603240967,0.8,0.07941407710313797
81.80325937271118,0.016500558704137802,0.8,4.975022315979004,0.8,0.0729975774884224
81.90140867233276,0.03830748423933983,0.8,5.0,0.8,0.07312850654125214
82.0015480518341,0.004270551260560751,0.8,4.803336143493652,0.8,0.07448790967464447
82.10142588615417,-0.051413021981716156,0.8,4.962823390960693,0.8,0.07639287412166595
82.203120470047,-0.05629904195666313,0.8,4.987799167633057,0.8,0.07578727602958679
82.30146670341492,0.04160608723759651,0.8,5.0,0.8,0.06788597255945206
82.40360474586487,0.03573128208518028,0.8,4.8083295822143555,0.8,0.0763363242149353
82.50339794158936,0.023819779977202415,0.8,4.9742112159729,0.8,0.07415787130594254
82.60336875915527,0.0213019959628582,0.8,4.999383449554443,0.8,0.0745343342423439
82.70340585708618,-0.0040443832986056805,0.8,4.973044395446777,0.8,0.045786891132593155
82.80352234840393,0.023302191868424416,0.8,4.96260404586792,0.8,0.045373547822237015
82.90324902534485,0.0384354442358017,0.8,4.974356174468994,0.8,0.03533625230193138
83.003657579422,0.05264776945114136,0.8,5.0,0.8,-0.030981918796896935
83.10352087020874,-0.07203744351863861,0.8,4.979908466339111,0.8,-0.03382513299584389
83.20348405838013,0.025988386943936348,0.8,5.0,0.8,-0.03028767742216587
83.30141186714172,-0.022023431956768036,0.8,4.828688621520996,0.8,-0.03249548375606537
83.40146827697754,0.05957048013806343,0.8,4.916868686676025,0.8,-0.031807757914066315
83.50123238563538,-0.202422097325325,2.14740509390831,4.997968673706055,2.14740509390831,0.027856534346938133
83.60130214691162,-0.4000000059604645,1.1199999690055849,5.0,1.1199999690055849,0.08637360483407974
83.70142769813538,-0.4000000059604645,1.1199999690055849,5.0,1.1199999690055849,0.08259414881467819
83.80155777931213,-0.4000000059604645,1.1199999690055849,5.0,1.1199999690055849,0.08165664970874786
83.90353608131409,-0.4000000059604645,1.1199999690055849,5.0,1.1199999690055849,0.08610378950834274
84.00391578674316,-0.4000000059604645,1.1199999690055849,5.0,1.1199999690055849,0.13450859487056732
84.10365748405457,-0.37067750096321106,1.2724769949913026,5.0,1.2724769949913026,0.14970529079437256
84.2034912109375,-0.4000000059604645,1.1199999690055849,5.0,1.1199999690055849,0.199176624417305
84.3032283782959,-0.4000000059604645,1.1199999690055849,5.0,1.1199999690055849,0.21169434487819672
84.4032781124115,-0.33453431725502014,1.4604215502738953,5.0,1.4604215502738953,0.23650962114334106
84.50346684455872,-0.4000000059604645,1.1199999690055849,5.0,1.1199999690055849,0.2900649309158325
84.60297560691833,-0.3885515332221985,1.179532027244568,5.0,1.179532027244568,0.31369683146476746
84.7030417919159,-0.4000000059604645,1.1199999690055849,5.0,1.1199999690055849,0.34490156173706055
84.80317425727844,-0.3670114576816559,1.2915404200553895,5.0,1.2915404200553895,0.3430900573730469
84.90342116355896,-0.4000000059604645,1.1199999690055849,5.0,1.1199999690055849,0.3678179979324341
85.00307989120483,-0.3712514042854309,1.2694926977157595,5.0,1.2694926977157595,0.36889201402664185
85.10295844078064,-0.25643524527549744,1.8665367245674134,5.0,1.8665367245674134,0.3085286021232605
85.20302367210388,-0.09811519831418991,2.6898009687662126,5.0,2.6898009687662126,0.26636454463005066
85.30177307128906,-0.05085776001214981,2.935539647936821,5.0,2.935539647936821,0.34431004524230957
85.40127468109131,-0.048550426959991455,2.9475377798080444,4.998854160308838,2.9475377798080444,0.4157330095767975
85.5030927658081,-0.12727820873260498,2.5381533145904545,5.0,2.5381533145904545,0.48856163024902344
85.60317063331604,-0.03572949767112732,3.0142066121101383,5.0,3.0142066121101383,0.4849126935005188
85.70307087898254,-0.052659787237644196,2.9261691063642505,4.998732089996338,2.9261691063642505,0.5664931535720825
85.80324053764343,0.06592703610658646,2.857179412245751,4.996952056884766,2.857179412245751,0.6325643062591553
85.90328407287598,-0.08736465871334076,2.6558866875527465,4.998150825500488,2.6558866875527465,0.7407866716384888
86.00133156776428,-0.12154018133878708,2.5679910570383075,5.0,2.5679910570383075,0.8157660961151123
86.1028904914856,0.053864073008298874,2.629861139843558,5.0,2.629861139843558,0.9723162055015564
86.20304489135742,0.03212039917707443,2.3902332517686355,4.995343208312988,2.3902332517686355,1.0327589511871338
86.30286955833435,-0.14258147776126862,2.0964042722590754,5.0,2.0964042722590754,1.132888913154602
86.40307569503784,-0.10421665757894516,2.2530122629739013,5.0,2.2530122629739013,1.194684624671936
86.50306129455566,-0.003046418074518442,2.066396308604734,5.0,2.066396308604734,1.2753504514694214
86.60335612297058,-0.04019207879900932,1.7692461503817922,4.9994001388549805,1.7692461503817922,1.3505311012268066
86.70350432395935,-0.11604689806699753,1.4764607789764501,5.0,1.4764607789764501,1.3493037223815918
86.80342960357666,-0.12608429789543152,1.3786766936115846,5.0,1.3786766936115846,1.4146085977554321
86.90309977531433,-0.10552821308374405,1.3914382587948422,5.0,1.3914382587948422,1.4037920236587524
87.00305414199829,-0.12521202862262726,1.286916695131486,5.0,1.286916695131486,1.446814775466919
87.10333728790283,-0.0241125226020813,1.5162395357189455,5.0,1.5162395357189455,1.4560835361480713
87.20312666893005,-0.09721866995096207,1.2900416288140248,5.0,1.2900416288140248,1.440671443939209
87.30343127250671,-0.0036875163204967976,1.4850780200489224,5.0,1.4850780200489224,1.4581499099731445
87.40352296829224,0.021520070731639862,1.409656736204669,5.0,1.409656736204669,1.4455859661102295
87.50385451316833,-0.08758803457021713,1.2135940509194088,5.0,1.2135940509194088,1.4558525085449219
87.60327744483948,-0.008928302675485611,1.3614668153769267,5.0,1.3614668153769267,1.4817571640014648
87.70304846763611,0.00027996907010674477,1.3409380104027087,4.999172687530518,1.3409380104027087,1.460105538368225
87.80340480804443,-0.09809085726737976,1.0858132640160685,5.0,1.0858132640160685,1.5163472890853882
87.90315246582031,-0.040587108582258224,1.1875412743640166,5.0,1.1875412743640166,1.4819285869598389
88.00376677513123,-0.10916214436292648,1.016082624308801,5.0,1.016082624308801,1.4349448680877686
88.10303831100464,-0.04592455178499222,1.1202575689296903,4.997900485992432,1.1202575689296903,1.4246244430541992
88.20313358306885,-0.12409267574548721,0.9484071974028078,4.9989423751831055,0.9484071974028078,1.44991135597229
88.30320358276367,-0.1392422467470169,0.8942719483318928,4.995426654815674,0.8942719483318928,1.4128752946853638
88.40322756767273,-0.16229034960269928,0.843387271863335,4.997567176818848,0.843387271863335,1.366532802581787
88.5038001537323,-0.18555518984794617,0.8,4.9991960525512695,0.8,1.3327666521072388
88.60364580154419,-0.15401287376880646,0.8353960607716432,5.0,0.8353960607716432,1.3529468774795532
88.70312452316284,-0.1331223100423813,0.8576349744374426,5.0,0.8576349744374426,1.3188480138778687
88.80336952209473,-0.16111575067043304,0.8,5.0,0.8,1.254406213760376
88.90293622016907,-0.16601234674453735,0.8,4.997840404510498,0.8,1.2029942274093628
89.00285863876343,-0.17262381315231323,0.8,4.996578216552734,0.8,1.1658704280853271
89.10358691215515,-0.2073100060224533,0.8,4.992382049560547,0.8,1.0993283987045288
89.20315790176392,-0.17184239625930786,0.8,4.983025550842285,0.8,1.0526140928268433
89.30318284034729,-0.19639185070991516,0.8,4.980240821838379,0.8,0.9970154166221619
89.40448904037476,-0.22925592958927155,0.8,4.978250503540039,0.8,0.9503903985023499
89.50285840034485,-0.21719904243946075,0.8,4.972814559936523,0.8,0.8686798214912415
89.60126829147339,-0.2438310980796814,0.8,4.976665496826172,0.8,0.8113362789154053
89.70123147964478,-0.05807775259017944,0.8,4.966074466705322,0.8,0.7614569664001465
89.80124402046204,-0.13518738746643066,0.8,4.9560041427612305,0.8,0.6978268027305603
89.90129828453064,-0.1740032583475113,0.8,4.957059383392334,0.8,0.6321258544921875
90.00312113761902,-0.10158456116914749,0.8,4.950610637664795,0.8,0.5105637311935425
90.10289430618286,-0.15017162263393402,0.8,4.965205669403076,0.8,0.46448376774787903
90.20325708389282,-0.09176162630319595,0.8,4.9581098556518555,0.8,0.40466418862342834
90.30311584472656,-0.11167394369840622,0.8,4.956518173217773,0.8,0.3434290885925293
90.40351939201355,-0.07483556866645813,0.8,4.9525146484375,0.8,0.26578429341316223
90.50350499153137,0.3933030068874359,1.1548243641853333,4.96386194229126,1.1548243641853333,0.7872928380966187
90.60326743125916,0.36781471967697144,1.2873634576797486,4.959168434143066,1.2873634576797486,0.7908759713172913
90.7030336856842,0.3952106833457947,1.1449044466018676,4.9563093185424805,1.1449044466018676,0.8502170443534851
90.80301260948181,0.25354382395744324,1.8815721154212952,4.962830543518066,1.8815721154212952,0.8936915397644043
90.90296840667725,0.22619295120239258,2.0237966537475587,4.977627277374268,2.0237966537475587,0.8778210282325745
91.00293016433716,0.1958433985710144,2.1816143274307254,4.995056629180908,2.1816143274307254,0.964994490146637
91.10311794281006,0.16428989171981812,2.345692563056946,4.988760471343994,2.345692563056946,1.0653114318847656
91.2014741897583,0.1152440682053566,2.600730845332146,4.980144500732422,2.600730845332146,1.1588996648788452
91.30141758918762,0.15777552127838135,2.379567289352417,4.996006488800049,2.379567289352417,1.2291679382324219
91.4014527797699,0.14211595058441162,2.4609970569610597,4.982346534729004,2.4609970569610597,1.321017861366272
91.50138020515442,0.06778967380523682,2.847493696212769,5.0,2.847493696212769,1.3698700666427612
91.6014449596405,-0.07308761030435562,2.8199444264173508,4.983638286590576,2.8199444264173508,1.410171627998352
91.70140933990479,0.10265258699655533,2.6662065476179126,4.988905906677246,2.6662065476179126,1.4837359189987183
91.80135941505432,0.09159234911203384,2.7237197846174244,4.990464687347412,2.7237197846174244,1.5130623579025269
91.90135884284973,0.07526309043169022,2.808631929755211,4.991023063659668,2.808631929755211,1.5798423290252686
92.00336790084839,0.05670641362667084,2.905126649141312,4.992236137390137,2.905126649141312,1.6098265647888184
92.10337710380554,-0.0575409010052681,2.900787314772606,4.987522125244141,2.900787314772606,1.5977689027786255
92.20340943336487,0.1313612163066864,2.516921675205231,4.999122619628906,2.516921675205231,1.617678165435791
92.30346179008484,0.13042724132537842,2.5217783451080322,4.996589183807373,2.5217783451080322,1.6631742715835571
92.4014413356781,0.06775041669607162,2.847697833180428,4.999025344848633,2.847697833180428,1.6657134294509888
92.50334548950195,-0.03957030549645424,2.994234411418438,4.989026069641113,2.994234411418438,1.5807112455368042
92.60373544692993,0.09668831527233124,2.697220760583878,4.9987263679504395,2.697220760583878,1.5450495481491089
92.70311117172241,0.0380605012178421,3.002085393667221,4.990010738372803,3.002085393667221,1.5526682138442993
92.80331683158875,0.054800644516944885,2.9150366485118866,4.9944024085998535,2.9150366485118866,1.5426836013793945
92.90332365036011,0.0897543877363205,2.7332771837711336,4.989226818084717,2.7332771837711336,1.4708396196365356
93.00141310691833,0.0785353034734726,2.7916164219379427,4.988119125366211,2.7916164219379427,1.4719555377960205
93.10142469406128,0.08399150520563126,2.7632441729307176,4.988394737243652,2.7632441729307176,1.4437962770462036
93.20327639579773,0.02899479679763317,3.049227056652308,4.986047267913818,3.049227056652308,1.4389654397964478
93.30156660079956,0.153803750872612,2.400220495462418,4.996133804321289,2.400220495462418,1.3625578880310059
93.40351009368896,0.2270260900259018,2.019464331865311,4.991650581359863,2.019464331865311,1.3690522909164429
93.50332188606262,0.07333743572235107,2.8186453342437745,4.98431396484375,2.8186453342437745,1.2937064170837402
93.60147452354431,-0.11753254383802414,2.5888307720422747,4.994670391082764,2.5888307720422747,1.1497714519500732
93.70364189147949,0.018263043835759163,3.1050321720540524,4.988202095031738,3.1050321720540524,1.1230305433273315
93.80353283882141,0.20834624767303467,2.11659951210022,4.992549896240234,2.11659951210022,1.1563175916671753
93.90377259254456,0.17797937989234924,2.274507224559784,4.995333671569824,2.274507224559784,1.1809306144714355
94.00358581542969,0.20602144300937653,2.1286884963512422,4.981250286102295,2.1286884963512422,1.1324981451034546
