mode,map_name,trial_id,model_path,t,x,y,yaw,odom_speed,yaw_rate,raw_action_0,raw_action_1,steer,commanded_speed,speed_limit,min_lidar,distance_from_start,distance_travelled,lap_complete,collided,terminated,termination_reason
legacy,Melbourne,legacy_01,old stuff/diffusion_policy.pt,0.14084196090698242,-0.251280277967453,-0.1221550703048706,-0.6946703673475343,0.0,0.0,0.22068676352500916,0.837340772151947,0.09781068276384972,3.0,3.0,0.991498589515686,0.0,0.0,0,0,0,
legacy,Melbourne,legacy_01,old stuff/diffusion_policy.pt,0.24037718772888184,-0.22550472617149353,-0.14251799881458282,-0.6867329907407982,0.7893299999999998,0.21992205894402647,0.2039622664451599,0.806249737739563,0.09030216696796589,3.0,3.0,0.9962201714515686,0.03284856304526329,0.03285633781342767,0,0,0,
legacy,Melbourne,legacy_01,old stuff/diffusion_policy.pt,0.33978772163391113,-0.12544088065624237,-0.2153056412935257,-0.6558826602328919,1.630980911661605,0.35169794298705537,0.13849356770515442,0.73661869764328,0.06111155496582416,2.9524580240249634,2.9524580240249634,0.9919424653053284,0.15656493604183197,0.1565940949076321,0,0,0,
legacy,Melbourne,legacy_01,old stuff/diffusion_policy.pt,0.4378998279571533,0.030470632016658783,-0.325277715921402,-0.6238373116766651,2.142055471357867,0.27887307497860875,0.05092065781354904,0.7018632888793945,0.022413737028173977,2.7716152667999268,2.7716152667999268,1.0618191957473755,0.34733614325523376,0.3473891346657183,0,0,0,
legacy,Melbourne,legacy_01,old stuff/diffusion_policy.pt,0.5378010272979736,0.21760079264640808,-0.45433229207992554,-0.6059584373267175,2.3848398640966098,0.11250645688187262,0.002395421266555786,0.6855154037475586,0.0010539862571998944,2.6314778923988342,2.6314778923988342,1.120620846748352,0.574622631072998,0.5747058010601904,0,0,0,
legacy,Melbourne,legacy_01,old stuff/diffusion_policy.pt,0.6400082111358643,0.4191305637359619,-0.5912125110626221,-0.5949404855864694,2.4799537037828197,0.11317683680512648,-0.041295360773801804,0.6779647469520569,-0.018174570460885525,2.509408950805664,2.509408950805664,1.119373083114624,0.8182087540626526,0.8183261929953005,0,0,0,
legacy,Melbourne,legacy_01,old stuff/diffusion_policy.pt,0.7377607822418213,0.6257403492927551,-0.7302924394607544,-0.5946043625711506,2.4950568640104374,-0.10688562317290308,-0.06225157156586647,0.6657564043998718,-0.027406494575947935,2.416132628917694,2.416132628917694,1.187052607536316,1.0672376155853271,1.0673870230966713,0,0,0,
legacy,Melbourne,legacy_01,old stuff/diffusion_policy.pt,0.839693546295166,0.827422022819519,-0.8692390322685242,-0.6059645176158209,2.4257043598611596,-0.11527415066932725,-0.0648561418056488,0.6541957259178162,-0.028554574034473357,2.53587144613266,2.53587144613266,1.1844580173492432,1.3121483325958252,1.312299807643285,0,0,0,
legacy,Melbourne,legacy_01,old stuff/diffusion_policy.pt,0.9398739337921143,1.027022123336792,-1.0101253986358643,-0.6171325710578703,2.4636361336446875,-0.11380856775420935,-0.06627823412418365,0.6520795226097107,-0.029181496725369873,2.53971004486084,2.53971004486084,1.1927224397659302,1.556453824043274,1.556614712899318,0,0,0,
legacy,Melbourne,legacy_01,old stuff/diffusion_policy.pt,1.0398755073547363,1.2279726266860962,-1.1553473472595215,-0.6284214212020603,2.492855659504296,-0.11557422552615595,-0.06744909286499023,0.6485177278518677,-0.029697703832005318,2.568730115890503,2.568730115890503,1.1590263843536377,1.8043490648269653,1.8045484508329537,0,0,0,
legacy,Melbourne,legacy_01,old stuff/diffusion_policy.pt,1.1378889083862305,1.4295493364334106,-1.3044977188110352,-0.6398401464213015,2.521225920516087,-0.11668368820817011,-0.054546553641557693,0.6419053673744202,-0.02401111372455754,2.6506311893463135,2.6506311893463135,1.188246726989746,2.055023670196533,2.055306599562755,0,0,0,
legacy,Melbourne,legacy_01,old stuff/diffusion_policy.pt,1.2396125793457031,1.6326574087142944,-1.4583758115768433,-0.6513422265657776,2.5711299643219334,-0.1178740993155148,-0.05623859539628029,0.6386564373970032,-0.024756632649494053,2.7071571350097656,2.7071571350097656,1.1186306476593018,2.3096985816955566,2.3101242436969187,0,0,0,
legacy,Melbourne,legacy_01,old stuff/diffusion_policy.pt,1.3402290344238281,1.837882161140442,-1.617577314376831,-0.6630222415827911,2.6218539720829197,-0.11969140896701451,-0.051313113421201706,0.6367104053497314,-0.022586619036255057,2.7850667238235474,2.7850667238235474,1.1205881834030151,2.5692191123962402,2.5698607183003332,0,0,0,
legacy,Melbourne,legacy_01,old stuff/diffusion_policy.pt,1.440328598022461,2.045604705810547,-1.7826001644134521,-0.6748776546781381,2.6824059650345196,-0.12154156195445845,-0.0427301749587059,0.6300267577171326,-0.018806386388982313,2.822550058364868,2.822550058364868,1.0633091926574707,2.834212303161621,2.835156713699689,0,0,0,
legacy,Melbourne,legacy_01,old stuff/diffusion_policy.pt,1.5396604537963867,2.255817174911499,-1.953661322593689,-0.6869726748090514,2.735301684386351,-0.12394341615826268,-0.03301999717950821,0.6328550577163696,-0.014531156265604845,2.850537657737732,2.850537657737732,1.0626672506332397,3.104827404022217,3.106177072128048,0,0,0,
legacy,Melbourne,legacy_01,old stuff/diffusion_policy.pt,1.6402418613433838,2.467658042907715,-2.1303043365478516,-0.699297038357803,2.778883089817142,-0.1260116405679342,-0.012591280043125153,0.6383326053619385,-0.0055402939187638505,2.937490940093994,2.937490940093994,1.0033570528030396,3.380131483078003,3.382003479724517,0,0,0,
legacy,Melbourne,legacy_01,old stuff/diffusion_policy.pt,1.7378652095794678,2.6811623573303223,-2.3127942085266113,-0.7117559742877397,2.837381906999539,-0.12733038514090578,0.004868067800998688,0.6354944109916687,0.0021419573855684195,2.9925827980041504,2.9925827980041504,0.9946531057357788,3.660344123840332,3.6628728481882717,0,0,0,
legacy,Melbourne,legacy_01,old stuff/diffusion_policy.pt,1.8378806114196777,2.8980660438537598,-2.5006890296936035,-0.7126456587747365,2.8972338135981937,0.11606278740939607,0.0023044124245643616,0.6339492201805115,0.0010139422680002278,2.993179678916931,2.993179678916931,0.990243673324585,3.9466195106506348,3.94984321956872,0,0,0,
legacy,Melbourne,legacy_01,old stuff/diffusion_policy.pt,1.9378604888916016,3.120352268218994,-2.689605236053467,-0.6999369465332805,2.9342345683446136,0.13263948381272123,-0.041505321860313416,0.6317310929298401,-0.018267024051735088,2.8927992582321167,2.8927992582321167,0.9912069439888,4.237889289855957,4.241564639931312,0,0,0,
legacy,Melbourne,legacy_01,old stuff/diffusion_policy.pt,2.03802227973938,3.343320608139038,-2.8766157627105713,-0.6988001409207947,2.897824504745354,-0.11878415019536319,-0.05569715052843094,0.6284413933753967,-0.024518063535604442,2.881905198097229,2.881905198097229,0.9903222918510437,4.528599262237549,4.532576876779785,0,0,0,
legacy,Melbourne,legacy_01,old stuff/diffusion_policy.pt,2.137871742248535,3.562908172607422,-3.0642809867858887,-0.711697966023855,2.883835735892179,-0.1330516836781497,-0.030993178486824036,0.6248119473457336,-0.013638947985087614,2.936632990837097,2.936632990837097,0.9293649792671204,4.8170671463012695,4.82143292305409,0,0,0,
legacy,Melbourne,legacy_01,old stuff/diffusion_policy.pt,2.237827777862549,3.780644416809082,-3.2550432682037354,-0.72473412681671,2.9041965952021815,-0.13199128679334365,-0.0037184879183769226,0.6262148022651672,-0.001636138050407198,3.0,3.0,0.9826620817184448,5.106016635894775,5.110915958037367,0,0,0,
legacy,Melbourne,legacy_01,old stuff/diffusion_policy.pt,2.339690685272217,3.998089551925659,-3.450550079345703,-0.7377453142155697,2.941142365285562,-0.13240486859082376,0.012466013431549072,0.6319184303283691,0.005485172747423531,3.0,3.0,0.9341474175453186,5.397717475891113,5.403330818837276,0,0,0,
legacy,Melbourne,legacy_01,old stuff/diffusion_policy.pt,2.4398884773254395,4.216261386871338,-3.649613857269287,-0.738813223610974,2.9638403126539288,0.11910677549607873,0.0077718570828437805,0.6359065771102905,0.003419647851484932,3.0,3.0,0.9312494397163391,5.69226598739624,5.698670658370247,0,0,0,
legacy,Melbourne,legacy_01,old stuff/diffusion_policy.pt,2.5379459857940674,4.437570095062256,-3.847886562347412,-0.7257671866704627,2.9777849892319086,0.13560912246202447,-0.01676584780216217,0.6266717314720154,-0.007377281599780157,3.0,3.0,0.8941619992256165,5.988855361938477,5.995807892730227,0,0,0,
legacy,Melbourne,legacy_01,old stuff/diffusion_policy.pt,2.640080451965332,4.6610426902771,-4.045389652252197,-0.7245772410262811,2.986352019620545,-0.12002930753733064,-0.03166908770799637,0.6183871030807495,-0.013936478399194248,3.0,3.0,0.934377133846283,6.286706924438477,6.294048993935576,0,0,0,
legacy,Melbourne,legacy_01,old stuff/diffusion_policy.pt,2.7399089336395264,4.8832221031188965,-4.245360374450684,-0.7377365238666125,2.991615247438659,-0.13663618290285767,-0.016057506203651428,0.6296650767326355,-0.007065573814653508,3.0,3.0,0.9307790398597717,6.585130214691162,6.5929685953015,0,0,0,
legacy,Melbourne,legacy_01,old stuff/diffusion_policy.pt,2.8378584384918213,5.103200435638428,-4.448363304138184,-0.7512354507290583,2.9948487561118746,-0.13643466930910358,0.002618439495563507,0.6355172395706177,0.0011521145534424408,3.0,3.0,0.8641955852508545,6.883788108825684,6.892304376786342,0,0,0,
legacy,Melbourne,legacy_01,old stuff/diffusion_policy.pt,2.9378578662872314,5.321796417236328,-4.653231620788574,-0.7524385558729113,2.9968352896044554,0.12064927091844624,0.007358424365520477,0.6403875946998596,0.0032377328071832184,3.0,3.0,0.8664566278457642,7.1826066970825195,7.1918965849035885,0,0,0,
legacy,Melbourne,legacy_01,old stuff/diffusion_policy.pt,3.0378847122192383,5.5423126220703125,-4.85626220703125,-0.739217483058112,2.9980557333131213,0.1371481888464082,-0.01921132206916809,0.6318955421447754,-0.008453445958155335,3.0,3.0,0.8639252781867981,7.481810569763184,7.491646085953107,0,0,0,
legacy,Melbourne,legacy_01,old stuff/diffusion_policy.pt,3.1398932933807373,5.764289379119873,-5.057840347290039,-0.7379740733892686,2.9988055232620883,-0.120598559675463,-0.022064656019210815,0.6267472505569458,-0.009709152006821301,3.0,3.0,0.8575753569602966,7.781263828277588,7.791492219170323,0,0,0,
legacy,Melbourne,legacy_01,old stuff/diffusion_policy.pt,3.2394566535949707,5.984491348266602,-5.261441230773926,-0.7511991781454023,2.999266163079869,-0.13721964333396328,-0.0017075315117835999,0.6337991952896118,-0.0007513141911430254,3.0,3.0,0.808052659034729,8.080662727355957,8.091397498821607,0,0,0,
legacy,Melbourne,legacy_01,old stuff/diffusion_policy.pt,3.338017225265503,6.202160358428955,-5.467800140380859,-0.7647441914858163,2.9995491610608602,-0.13678775640086965,0.023132018744945526,0.637199342250824,0.010178898702413326,3.0,3.0,0.8285313248634338,8.379905700683594,8.39133926582872,0,0,0,
legacy,Melbourne,legacy_01,old stuff/diffusion_policy.pt,3.437887668609619,6.418240547180176,-5.675857067108154,-0.7659592476537205,2.9997230232719714,0.12078436404042983,0.031557053327560425,0.6420736312866211,0.013887161274817776,3.0,3.0,0.9202888011932373,8.679061889648438,8.691303585743299,0,0,0,
legacy,Melbourne,legacy_01,old stuff/diffusion_policy.pt,3.537872552871704,6.636157989501953,-5.882007122039795,-0.7527227082003354,2.9998298369967427,0.13728465935449718,-0.00016467273235321045,0.6346076726913452,-7.245600252777444e-05,3.0,3.0,0.8725616335868835,8.9784574508667,8.991281592374435,0,0,0,
legacy,Melbourne,legacy_01,old stuff/diffusion_policy.pt,3.637856960296631,6.85606575012207,-6.0860466957092285,-0.7453239160569869,2.999895458914965,0.008084461698095699,-0.017108380794525146,0.6272203326225281,-0.007528015418403855,3.0,3.0,0.8675483465194702,9.278058052062988,9.291267807682743,0,0,0,
legacy,Melbourne,legacy_01,old stuff/diffusion_policy.pt,3.7400498390197754,7.075675964355469,-6.2904133796691895,-0.752703976302308,2.9999357742972848,-0.12888668871445388,-0.009452074766159058,0.6353324055671692,-0.004158968186586542,3.0,3.0,0.8625620007514954,9.577666282653809,9.591259527107468,0,0,0,
legacy,Melbourne,legacy_01,old stuff/diffusion_policy.pt,3.838144063949585,7.293018817901611,-6.497193336486816,-0.7661638809848262,2.999960542394525,-0.13394063340191179,0.013614960014820099,0.6377220153808594,0.005990747646821323,3.0,3.0,0.8436821699142456,9.87712287902832,9.891254601156106,0,0,0,
legacy,Melbourne,legacy_01,old stuff/diffusion_policy.pt,3.9379866123199463,7.509189605712891,-6.705202579498291,-0.7646484267636054,2.9999757588852436,0.12354949983435527,0.015151053667068481,0.6410254836082458,0.0066666913318759735,3.0,3.0,0.8077130317687988,10.176511764526367,10.191251375799766,0,0,0,
legacy,Melbourne,legacy_01,old stuff/diffusion_policy.pt,4.0399205684661865,7.727356433868408,-6.911118030548096,-0.7512800776708766,2.999985107265442,0.13415837148494805,-0.013607345521450043,0.6350845694541931,-0.0059873969926449245,3.0,3.0,0.8119487166404724,10.476099014282227,10.491249692713609,0,0,0,
legacy,Melbourne,legacy_01,old stuff/diffusion_policy.pt,4.139680624008179,7.947260856628418,-7.115179061889648,-0.747704029894222,2.9999908505221464,-0.10878682080754161,-0.027241788804531097,0.6325038075447083,-0.011987710828779143,3.0,3.0,0.8665716052055359,10.775827407836914,10.791248169814935,0,0,0,
legacy,Melbourne,legacy_01,old stuff/diffusion_policy.pt,4.2398362159729,8.165547370910645,-7.320969104766846,-0.7607309726769806,2.999994378940639,-0.13416390040250117,-0.0055104270577430725,0.6329501867294312,-0.002424598860428235,3.0,3.0,0.8092515468597412,11.075464248657227,11.091247304429999,0,0,0,
legacy,Melbourne,legacy_01,old stuff/diffusion_policy.pt,4.3401689529418945,8.381290435791016,-7.529424667358398,-0.7742851717550405,2.9999965466544816,-0.13375253106771828,0.032417550683021545,0.6389777660369873,0.014265953097401888,3.0,3.0,0.8044398427009583,11.374924659729004,11.39124746163725,0,0,0,
legacy,Melbourne,legacy_01,old stuff/diffusion_policy.pt,4.4399778842926025,8.595117568969727,-7.739846229553223,-0.7778355854987123,2.999997878407876,0.10889672591949795,0.04209621250629425,0.6417552828788757,0.018527218814730618,3.0,3.0,0.8564411997795105,11.674243927001953,11.69124663164257,0,0,0,
legacy,Melbourne,legacy_01,old stuff/diffusion_policy.pt,4.539779901504517,8.810577392578125,-7.948594570159912,-0.7648036269451934,2.9999986965818746,0.13418069239918717,0.01639632135629654,0.6367588639259338,0.007214670006654047,3.0,3.0,0.8665690422058105,11.973738670349121,11.991246190940728,0,0,0,
legacy,Melbourne,legacy_01,old stuff/diffusion_policy.pt,4.639358997344971,9.028582572937012,-8.154684066772461,-0.7512486828691857,2.999999199234014,0.1337550085352422,-0.011276409029960632,0.628023087978363,-0.004961713853768775,3.0,3.0,0.8607036471366882,12.273441314697266,12.29124693115591,0,0,0,
legacy,Melbourne,legacy_01,old stuff/diffusion_policy.pt,4.739992141723633,9.247817039489746,-8.359465599060059,-0.7527761966663953,2.999999508042621,-0.12360310749096712,-0.014388933777809143,0.6311578750610352,-0.006331325915859816,3.0,3.0,0.864723265171051,12.573230743408203,12.591246315365424,0,0,0,
legacy,Melbourne,legacy_01,old stuff/diffusion_policy.pt,4.839075088500977,9.46507740020752,-8.566339492797852,-0.7661470573159115,2.99999969776181,-0.13416737246961624,0.014222748577594757,0.6400335431098938,0.006258197747071089,3.0,3.0,0.8663901686668396,12.87291145324707,12.891246183862677,0,0,0,
legacy,Melbourne,legacy_01,old stuff/diffusion_policy.pt,4.939615726470947,9.68123722076416,-8.774365425109863,-0.7646454643254191,2.999999814317403,0.12349268749503195,0.00887368619441986,0.6423295736312866,0.003904467673594956,3.0,3.0,0.8120908737182617,13.17253303527832,13.191246650269022,0,0,0,
legacy,Melbourne,legacy_01,old stuff/diffusion_policy.pt,5.037899017333984,9.899402618408203,-8.980283737182617,-0.7512796166114227,2.9999998859243213,0.1341508186506832,-0.017805181443691254,0.6320420503616333,-0.007834649419999277,3.0,3.0,0.811569094657898,13.472297668457031,13.49124589105486,0,0,0,
legacy,Melbourne,legacy_01,old stuff/diffusion_policy.pt,5.1378138065338135,10.118661880493164,-9.185039520263672,-0.7527819327510425,2.999999929916639,-0.1234949846219511,-0.02939753234386444,0.6320674419403076,-0.012936577799937553,3.0,3.0,0.8030838370323181,13.772130012512207,13.791245850821724,0,0,0,
legacy,Melbourne,legacy_01,old stuff/diffusion_policy.pt,5.23785662651062,10.335925102233887,-9.391910552978516,-0.7661478803675756,2.999999956943692,-0.13415113567786985,0.0025974810123443604,0.6387182474136353,0.001142892792827071,3.0,3.0,0.8000344634056091,14.071861267089844,14.09124582921504,0,0,0,
legacy,Melbourne,legacy_01,old stuff/diffusion_policy.pt,5.337725639343262,10.552085876464844,-9.599935531616211,-0.7646455778260307,2.9999999735479927,0.12349494474124581,0.0016688331961631775,0.6331680417060852,0.0007342869106066235,3.0,3.0,0.8092859387397766,14.371535301208496,14.391246319835773,0,0,0,
legacy,Melbourne,legacy_01,old stuff/diffusion_policy.pt,5.437767505645752,10.770252227783203,-9.805853843688965,-0.7512796317942957,2.999999983748985,0.13415113202189421,-0.020811431109905243,0.6308445334434509,-0.009157619872789678,3.0,3.0,0.8029531240463257,14.67133903503418,14.69124625911354,0,0,0,
legacy,Melbourne,legacy_01,old stuff/diffusion_policy.pt,5.5377726554870605,10.989511489868164,-10.01060962677002,-0.7527819345375637,2.9999999900160503,-0.12349494639902422,-0.022620104253292084,0.6299000978469849,-0.009953603699172208,3.0,3.0,0.8278587460517883,14.971203804016113,14.99124621701776,0,0,0,
legacy,Melbourne,legacy_01,old stuff/diffusion_policy.pt,5.637761354446411,11.206774711608887,-10.217480659484863,-0.7661478806937192,2.999999993866276,-0.13415113290471223,0.0037601441144943237,0.6376917362213135,0.0016544668911043058,3.0,3.0,0.8160479068756104,15.27097225189209,15.291246186097851,0,0,0,
legacy,Melbourne,legacy_01,old stuff/diffusion_policy.pt,5.739238739013672,11.422934532165527,-10.425505638122559,-0.7646455779721476,2.999999996231695,0.12349494671838697,0.0006374269723892212,0.6371932029724121,0.00028046788480817617,3.0,3.0,0.8686636090278625,15.570687294006348,15.591245989402523,0,0,0,
legacy,Melbourne,legacy_01,old stuff/diffusion_policy.pt,5.8378236293792725,11.641100883483887,-10.631423950195312,-0.7512796317822751,2.9999999976849097,0.13415113319644612,-0.027671433985233307,0.6311771869659424,-0.012176818338864422,3.0,3.0,0.8619450330734253,15.870521545410156,15.891245928680291,0,0,0,
legacy,Melbourne,legacy_01,old stuff/diffusion_policy.pt,5.939777135848999,11.860360145568848,-10.836179733276367,-0.75278193449745,2.999999998577705,-0.12349494684454113,-0.028758101165294647,0.6286513805389404,-0.01265512186355197,3.0,3.0,0.8051048517227173,16.17041015625,16.1912458903098,0,0,0,
legacy,Melbourne,legacy_01,old stuff/diffusion_policy.pt,6.039849519729614,12.07762336730957,-11.043050765991211,-0.7661478807002882,2.9999999991262003,-0.13415113330731754,-0.006902612745761871,0.6378639936447144,-0.003037171140861934,3.0,3.0,0.803442120552063,16.470211029052734,16.491245863115182,0,0,0,
legacy,Melbourne,legacy_01,old stuff/diffusion_policy.pt,6.139949560165405,12.292251586914062,-11.252654075622559,-0.7796927490913392,2.999999999463174,-0.13369165193132987,0.019231349229812622,0.6436629891395569,0.008462259362291303,3.0,3.0,0.8079342842102051,16.769859313964844,16.79124611717998,0,0,0,
legacy,Melbourne,legacy_01,old stuff/diffusion_policy.pt,6.239893674850464,12.5049409866333,-11.464225769042969,-0.7832402705751486,2.999999999670196,0.10890683877704613,0.035666659474372864,0.6434027552604675,0.015696301288586016,3.0,3.0,0.802869975566864,17.069379806518555,17.091245428746333,0,0,0,
legacy,Melbourne,legacy_01,old stuff/diffusion_policy.pt,6.339824676513672,12.719270706176758,-11.6741361618042,-0.7702078597270632,2.999999999797382,0.1341822031207267,0.01001051813364029,0.6366844177246094,0.004404693658532468,3.0,3.0,0.8030784130096436,17.369037628173828,17.391246314247837,0,0,0,
legacy,Melbourne,legacy_01,old stuff/diffusion_policy.pt,6.439805269241333,12.936158180236816,-11.881400108337402,-0.756652846521565,2.99999999987552,0.13375526178165068,-0.018944792449474335,0.6348993182182312,-0.008336153869367166,3.0,3.0,0.8042618036270142,17.668851852416992,17.69124601696967,0,0,0,
legacy,Melbourne,legacy_01,old stuff/diffusion_policy.pt,6.539963483810425,13.154932975769043,-12.086673736572266,-0.753102314068569,2.9999999999235243,-0.10889646812661004,-0.02156788855791092,0.6274561882019043,-0.009490527876809053,3.0,3.0,0.8023673892021179,17.96875762939453,17.99124585193931,0,0,0,
legacy,Melbourne,legacy_01,old stuff/diffusion_policy.pt,6.6400628089904785,13.372101783752441,-12.293643951416016,-0.7661342687976777,2.9999999999530162,-0.13418074705020283,0.003394573926925659,0.631714940071106,0.0014936150888622834,3.0,3.0,0.7963643074035645,18.268598556518555,18.291245673870435,0,0,0,
legacy,Melbourne,legacy_01,old stuff/diffusion_policy.pt,6.740188837051392,13.5875883102417,-12.50236701965332,-0.7697200843560889,2.9999999999711355,0.10872489562071386,0.009088195860385895,0.6342422962188721,0.003998855325190099,3.0,3.0,0.8547693490982056,18.568357467651367,18.591245661576977,0,0,0,
legacy,Melbourne,legacy_01,old stuff/diffusion_policy.pt,6.840831518173218,13.804727554321289,-12.709368705749512,-0.756696048049535,2.999999999982267,0.1341541444374824,-0.01749289780855179,0.6337411403656006,-0.007697225512719366,3.0,3.0,0.8555787801742554,18.868207931518555,18.891245803883066,0,0,0,
legacy,Melbourne,legacy_01,old stuff/diffusion_policy.pt,6.939642429351807,14.023541450500488,-12.914600372314453,-0.7531113975312798,2.9999999999891056,-0.10872859705302491,-0.031391263008117676,0.627756655216217,-0.01381418126823155,3.0,3.0,0.8081722259521484,19.168128967285156,19.1912454488629,0,0,0,
legacy,Melbourne,legacy_01,old stuff/diffusion_policy.pt,7.040163993835449,14.240715980529785,-13.121564865112305,-0.766135594317363,2.9999999999933062,-0.13415464850166778,-0.005478307604789734,0.6333448886871338,-0.002410466110677144,3.0,3.0,0.8064122796058655,19.467988967895508,19.49124547568499,0,0,0,
legacy,Melbourne,legacy_01,old stuff/diffusion_policy.pt,7.13987398147583,14.455328941345215,-13.331183433532715,-0.7796894011052207,2.9999999999958877,-0.1337514300187989,0.0236017107963562,0.6414973735809326,0.010385613585347127,3.0,3.0,0.8054862022399902,19.767719268798828,19.791245428001275,0,0,0,
legacy,Melbourne,legacy_01,old stuff/diffusion_policy.pt,7.239918947219849,14.668017387390137,-13.542757987976074,-0.783239767437203,2.9999999999974727,0.10889698988136297,0.033941738307476044,0.6485440135002136,0.01493692537319006,3.0,3.0,0.8105767369270325,20.067337036132812,20.091246080672136,0,0,0,
legacy,Melbourne,legacy_01,old stuff/diffusion_policy.pt,7.34000301361084,14.882345199584961,-13.752667427062988,-0.7702077901352526,2.9999999999984475,0.13418081777796456,-0.0011396035552024841,0.6366379857063293,-0.0005014256611875972,3.0,3.0,0.8089699745178223,20.367069244384766,20.391244935890427,0,0,0,
legacy,Melbourne,legacy_01,old stuff/diffusion_policy.pt,7.439698219299316,15.098367691040039,-13.960836410522461,-0.7666219715183431,2.999999999999046,-0.10872488604433496,-0.0029687657952308655,0.6325001120567322,-0.0013062586630064753,3.0,3.0,0.8039985299110413,20.666900634765625,20.691245381807676,0,0,0,
legacy,Melbourne,legacy_01,old stuff/diffusion_policy.pt,7.538352012634277,15.312726020812988,-14.170716285705566,-0.7796460074109215,2.999999999999414,-0.13415414314212007,0.025924034416675568,0.6428045630455017,0.011407715929359389,3.0,3.0,0.8083627223968506,20.96664810180664,20.991245373239508,0,0,0,
legacy,Melbourne,legacy_01,old stuff/diffusion_policy.pt,7.639868974685669,15.526041030883789,-14.381657600402832,-0.7781526212277241,2.99999999999964,0.12343523737733993,0.02692902833223343,0.6385717988014221,0.011850051145671772,3.0,3.0,0.7512167692184448,21.266340255737305,21.291245319967857,0,0,0,
legacy,Melbourne,legacy_01,old stuff/diffusion_policy.pt,7.739924669265747,15.741403579711914,-14.590506553649902,-0.7647895169010825,2.999999999999779,0.13414129374345668,0.005380116403102875,0.6358827352523804,0.0023672614134252505,3.0,3.0,0.8281030058860779,21.5661563873291,21.59124526855885,0,0,0,
legacy,Melbourne,legacy_01,old stuff/diffusion_policy.pt,7.83996844291687,15.959391593933105,-14.796612739562988,-0.7512450816514369,2.999999999999864,0.13369026786951968,-0.022197000682353973,0.6246592402458191,-0.009767396391568093,3.0,3.0,0.8572146892547607,21.8660831451416,21.89124504951178,0,0,0,
legacy,Melbourne,legacy_01,old stuff/diffusion_policy.pt,7.93790602684021,16.179271697998047,-15.000702857971191,-0.7476976202392084,2.9999999999999165,-0.1089070277103973,-0.035864658653736115,0.6279376745223999,-0.015783470690133687,3.0,3.0,0.7973544001579285,22.166059494018555,22.19124548797845,0,0,0,
legacy,Melbourne,legacy_01,old stuff/diffusion_policy.pt,8.037970781326294,16.397554397583008,-15.206497192382812,-0.7607300392642113,2.999999999999949,-0.13418222875825622,-0.018267221748828888,0.6343885064125061,-0.008037976680188916,3.0,3.0,0.8649886250495911,22.46599769592285,22.49124477719306,0,0,0,
legacy,Melbourne,legacy_01,old stuff/diffusion_policy.pt,8.137837409973145,16.613296508789062,-15.41495418548584,-0.7742850535789708,2.999999999999969,-0.1337552652611717,0.011316798627376556,0.6377102136611938,0.0049794862890397695,3.0,3.0,0.8090655207633972,22.765844345092773,22.79124524918734,0,0,0,
legacy,Melbourne,legacy_01,old stuff/diffusion_policy.pt,8.239612340927124,16.827789306640625,-15.624698638916016,-0.7727575495369837,2.9999999999999805,0.12360310780799567,0.009444594383239746,0.6367100477218628,0.004155676686936345,3.0,3.0,0.8054846525192261,23.06563377380371,23.09124574539601,0,0,0,
legacy,Melbourne,legacy_01,old stuff/diffusion_policy.pt,8.337918758392334,17.044281005859375,-15.832375526428223,-0.7593866872948853,2.999999999999988,0.13416739220773424,-0.01889989525079727,0.6357613801956177,-0.008316395944165307,3.0,3.0,0.8669340014457703,23.36551856994629,23.39124473845004,0,0,0,
legacy,Melbourne,legacy_01,old stuff/diffusion_policy.pt,8.437901258468628,17.26187515258789,-16.03890037536621,-0.7608882799237872,2.9999999999999925,-0.12349269793154088,-0.026300102472305298,0.6315675377845764,-0.011573236247366519,3.0,3.0,0.8040172457695007,23.66544532775879,23.69124498133897,0,0,0,
legacy,Melbourne,legacy_01,old stuff/diffusion_policy.pt,8.537856817245483,17.477453231811523,-16.247526168823242,-0.7742541286836789,2.9999999999999956,-0.13415082748691085,0.0037114545702934265,0.6383748650550842,0.0016330433581848189,3.0,3.0,0.8006819486618042,23.965299606323242,23.99124444750487,0,0,0,
legacy,Melbourne,legacy_01,old stuff/diffusion_policy.pt,8.637900114059448,17.69192123413086,-16.45729637145996,-0.772751812740377,2.9999999999999956,0.12349498837421657,0.005392640829086304,0.6374890208244324,0.0023727722322305694,3.0,3.0,0.7615357637405396,24.265106201171875,24.29124525291263,0,0,0,
legacy,Melbourne,legacy_01,old stuff/diffusion_policy.pt,8.738052129745483,17.908411026000977,-16.664976119995117,-0.7593858647371576,2.9999999999999956,0.13415113898775485,-0.02523866295814514,0.6366614699363708,-0.01110606437420026,3.0,3.0,0.8047323822975159,24.56500244140625,24.5912448662275,0,0,0,
legacy,Melbourne,legacy_01,old stuff/diffusion_policy.pt,8.837849140167236,18.12600326538086,-16.871503829956055,-0.7608881672056945,2.9999999999999956,-0.12349494616089712,-0.020328044891357422,0.627273440361023,-0.008944889758336691,3.0,3.0,0.8034651279449463,24.864940643310547,24.891245695849648,0,0,0,
legacy,Melbourne,legacy_01,old stuff/diffusion_policy.pt,8.937797784805298,18.341581344604492,-17.080129623413086,-0.7742541133835295,2.9999999999999956,-0.1341511332716264,0.006401807069778442,0.637802243232727,0.0028168122884352715,3.0,3.0,0.750433087348938,25.164806365966797,25.191245171328774,0,0,0,
legacy,Melbourne,legacy_01,old stuff/diffusion_policy.pt,9.037776470184326,18.556049346923828,-17.289899826049805,-0.7727518106678367,2.9999999999999956,0.1234949469347894,0.008103229105472565,0.6358023881912231,0.0035654556428625574,3.0,3.0,0.8670225143432617,25.464624404907227,25.491245976736536,0,0,0,
legacy,Melbourne,legacy_01,old stuff/diffusion_policy.pt,9.137820482254028,18.772539138793945,-17.49757957458496,-0.7593858644565403,2.9999999999999956,0.13415113337639767,-0.019284866750240326,0.6337856650352478,-0.008485810970141824,3.0,3.0,0.8123639822006226,25.7645320892334,25.791245580738178,0,0,0,
legacy,Melbourne,legacy_01,old stuff/diffusion_policy.pt,9.237776279449463,18.990131378173828,-17.704105377197266,-0.7608881671677027,2.9999999999999956,-0.12349494692060554,-0.022843509912490845,0.6276470422744751,-0.010051924866697823,3.0,3.0,0.8160505294799805,26.064476013183594,26.091245097195497,0,0,0,
legacy,Melbourne,legacy_01,old stuff/diffusion_policy.pt,9.33786940574646,19.20570945739746,-17.912731170654297,-0.7742541133783842,2.9999999999999956,-0.13415113337447765,0.010015793144702911,0.6347495317459106,0.004407014767284899,3.0,3.0,0.8678799867630005,26.36435317993164,26.391244567086687,0,0,0,
legacy,Melbourne,legacy_01,old stuff/diffusion_policy.pt,9.437867879867554,19.420177459716797,-18.122501373291016,-0.7727518106671367,2.9999999999999956,0.12349494692086527,0.0050214678049087524,0.6334018111228943,0.002209454124057847,3.0,3.0,0.8074769973754883,26.6641845703125,26.69124537621974,0,0,0,
legacy,Melbourne,legacy_01,old stuff/diffusion_policy.pt,9.537884712219238,19.636667251586914,-18.330181121826172,-0.7593858644564417,2.9999999999999956,0.1341511333745126,-0.029458634555339813,0.6320434808731079,-0.012963473168491025,3.0,3.0,0.8055253624916077,26.964099884033203,26.991244985809317,0,0,0,
legacy,Melbourne,legacy_01,old stuff/diffusion_policy.pt,9.63789415359497,19.854259490966797,-18.53670883178711,-0.7608881671676865,2.9999999999999956,-0.12349494692086073,-0.023223355412483215,0.6273258328437805,-0.010219096474800828,3.0,3.0,0.7980206608772278,27.26405143737793,27.291245811706176,0,0,0,
legacy,Melbourne,legacy_01,old stuff/diffusion_policy.pt,9.738105773925781,20.06983757019043,-18.745332717895508,-0.7742541133783816,2.9999999999999956,-0.1341511333745122,0.0041006579995155334,0.6402117013931274,0.0018042940343660635,3.0,3.0,0.8027986288070679,27.563936233520508,27.59124395539402,0,0,0,
legacy,Melbourne,legacy_01,old stuff/diffusion_policy.pt,9.837891817092896,20.284305572509766,-18.955102920532227,-0.7727518106671367,2.9999999999999956,0.12349494692086059,-0.0028071776032447815,0.6391797661781311,-0.0012351595937518027,3.0,3.0,0.8099327683448792,27.863780975341797,27.891244768252363,0,0,0,
legacy,Melbourne,legacy_01,old stuff/diffusion_policy.pt,9.93789529800415,20.499265670776367,-19.164365768432617,-0.774433035564009,2.9999999999999956,-0.12303546551812905,0.0008727088570594788,0.6377179622650146,0.00038399194062365734,3.0,3.0,0.8025354146957397,28.163646697998047,28.191243703564396,0,0,0,
legacy,Melbourne,legacy_01,old stuff/diffusion_policy.pt,10.037883520126343,20.713579177856445,-19.374292373657227,-0.7727235982185542,2.9999999999999956,0.12315399753488265,0.003938615322113037,0.6374046802520752,0.0017329947419807879,3.0,3.0,0.8055486083030701,28.46348762512207,28.491243722935906,0,0,0,
legacy,Melbourne,legacy_01,old stuff/diffusion_policy.pt,10.1381094455719,20.93004608154297,-19.58199691772461,-0.7593804922844669,2.9999999999999956,0.13405031633707837,-0.010105788707733154,0.6365411281585693,-0.004446614604286022,3.0,3.0,0.7478329539299011,28.76341438293457,28.791244029154768,0,0,0,
legacy,Melbourne,legacy_01,old stuff/diffusion_policy.pt,10.23790168762207,21.14763641357422,-19.78852653503418,-0.7608873938965595,2.9999999999999956,-0.12351021423366398,-0.012103773653507233,0.6354675889015198,-0.005325776506117244,3.0,3.0,0.7516740560531616,29.06337547302246,29.091244786133757,0,0,0,
legacy,Melbourne,legacy_01,old stuff/diffusion_policy.pt,10.337882041931152,21.36321449279785,-19.99715232849121,-0.7742540073304902,2.9999999999999956,-0.13415324821061425,0.01870158314704895,0.6378647089004517,0.008229124849093095,3.0,3.0,0.855136513710022,29.3632755279541,29.391244256024947,0,0,0,
legacy,Melbourne,legacy_01,old stuff/diffusion_policy.pt,10.437952756881714,21.577680587768555,-20.20692253112793,-0.772751796269936,2.9999999999999956,0.12349465919270157,0.014694973826408386,0.6383222937583923,0.006465996249951831,3.0,3.0,0.8070220351219177,29.663131713867188,29.69124369797646,0,0,0,
legacy,Melbourne,legacy_01,old stuff/diffusion_policy.pt,10.537771701812744,21.794170379638672,-20.414602279663086,-0.7593858625061406,2.9999999999999956,0.13415109437953093,-0.005626268684864044,0.6369895935058594,-0.002475569881887477,3.0,3.0,0.8023996353149414,29.96306610107422,29.99124329825281,0,0,0,
legacy,Melbourne,legacy_01,old stuff/diffusion_policy.pt,10.638006925582886,22.011762619018555,-20.621129989624023,-0.7608881669036187,2.9999999999999956,-0.12349495220128831,-0.003299206495285034,0.6307260394096375,-0.0014516532090993832,2.9896547198295593,2.9896547198295593,0.8055279850959778,30.263031005859375,30.291244133462897,0,0,0,
legacy,Melbourne,legacy_01,old stuff/diffusion_policy.pt,10.737794399261475,22.22690773010254,-20.82933807373047,-0.7742770904926284,2.9909094146656905,-0.13407419208522692,0.05668966472148895,0.6499736905097961,0.02495538582958012,2.956956624984741,2.956956624984741,0.8105605244636536,30.562335968017578,30.590641996910563,0,0,0,
legacy,Melbourne,legacy_01,old stuff/diffusion_policy.pt,10.837840557098389,22.439313888549805,-21.03708839416504,-0.7727898460495333,2.961074310622283,0.12293112431533372,0.0547766238451004,0.6475428938865662,0.024112479729505178,2.916058659553528,2.916058659553528,0.8084220886230469,30.859317779541016,30.887756445532432,0,0,0,
legacy,Melbourne,legacy_01,old stuff/diffusion_policy.pt,10.937870740890503,22.651119232177734,-21.240245819091797,-0.7594610866981129,2.921517908852057,0.13218010225492274,0.010935544967651367,0.631228506565094,0.004811725407528958,2.9064143300056458,2.9064143300056458,0.8018066883087158,31.152746200561523,31.181244901468745,0,0,0,
legacy,Melbourne,legacy_01,old stuff/diffusion_policy.pt,11.037850379943848,22.863861083984375,-21.439191818237305,-0.7461637963687855,2.9082459913202228,0.1304281681837753,-0.018516503274440765,0.6275951266288757,-0.008147677115231122,2.899904429912567,2.899904429912567,0.8058841228485107,31.444011688232422,31.47251770560979,0,0,0,
legacy,Melbourne,legacy_01,old stuff/diffusion_policy.pt,11.13786244392395,23.077054977416992,-21.63628387451172,-0.7477745760873352,2.900916120151765,-0.12073390487030926,-0.017166443169116974,0.6210407018661499,-0.007553566212819055,2.8346781134605408,2.8346781134605408,0.8037009239196777,31.734350204467773,31.762857764115324,0,0,0,
legacy,Melbourne,legacy_01,old stuff/diffusion_policy.pt,11.237884759902954,23.285301208496094,-21.832658767700195,-0.760896611858896,2.8427112992366026,-0.12939249798835892,0.049386732280254364,0.6415245532989502,0.02173805143326372,2.7355023622512817,2.7355023622512817,0.7469378709793091,32.020565032958984,32.049092921515694,0,0,0,
legacy,Melbourne,legacy_01,old stuff/diffusion_policy.pt,11.337844371795654,23.486650466918945,-22.024389266967773,-0.7593092867115899,2.748504214162929,0.11748361537663583,0.043451838195323944,0.6503254175186157,0.019124181532485664,2.666132390499115,2.666132390499115,0.7383390665054321,32.29856491088867,32.327126332646,0,0,0,
legacy,Melbourne,legacy_01,old stuff/diffusion_policy.pt,11.439266443252563,23.68409538269043,-22.20863151550293,-0.7467449601601379,2.6761222339475217,0.12258907662816661,0.03286167234182358,0.6559459567070007,0.014461459584536103,2.623738467693329,2.623738467693329,0.7378169894218445,32.5686149597168,32.597182895144215,0,0,0,
legacy,Melbourne,legacy_01,old stuff/diffusion_policy.pt,11.537830114364624,23.879714965820312,-22.386751174926758,-0.7343803935249025,2.6300914555415416,0.11975388750958658,0.01479901373386383,0.6619902849197388,0.0065117782535758315,2.58783620595932,2.58783620595932,0.7403668165206909,32.83317184448242,32.86174773526727,0,0,0,
legacy,Melbourne,legacy_01,old stuff/diffusion_policy.pt,11.639183044433594,24.074525833129883,-22.559764862060547,-0.7222527498737733,2.592960839730543,0.11792372726065721,-0.002631857991218567,0.6670083999633789,-0.0011580187096937753,2.540812075138092,2.540812075138092,0.6779505014419556,33.09367370605469,33.12229694527923,0,0,0,
legacy,Melbourne,legacy_01,old stuff/diffusion_policy.pt,11.737972497940063,24.266834259033203,-22.729137420654297,-0.7241397832436143,2.5471364579851246,-0.10982143293728083,-0.012236841022968292,0.6586299538612366,-0.005384330020105064,2.463213622570038,2.463213622570038,0.6802495718002319,33.34986877441406,33.378558821132174,0,0,0,
legacy,Melbourne,legacy_01,old stuff/diffusion_policy.pt,11.839840412139893,24.452537536621094,-22.896255493164062,-0.7358357877332022,2.4733915677582985,-0.11363876470149625,-0.0018305853009223938,0.6571222543716431,-0.0008054579340354633,2.3636907935142517,2.3636907935142517,0.6818406581878662,33.599674224853516,33.628388456156245,0,0,0,
legacy,Melbourne,legacy_01,old stuff/diffusion_policy.pt,11.940222024917603,24.630390167236328,-23.060091018676758,-0.7473854999151233,2.3798298747907354,-0.11025147017770684,0.029012955725193024,0.6366428136825562,0.012767299644976656,2.251025676727295,2.251025676727295,0.6713175177574158,33.841487884521484,33.87020312351524,0,0,0,
legacy,Melbourne,legacy_01,old stuff/diffusion_policy.pt,12.040155172348022,24.79958152770996,-23.218040466308594,-0.7496271593642734,2.2698558625111565,0.09378387645949954,0.03200197219848633,0.6378009915351868,0.014083013857854522,2.183080315589905,2.183080315589905,0.6452093720436096,34.07294464111328,34.10166387548088,0,0,0,
legacy,Melbourne,legacy_01,old stuff/diffusion_policy.pt,12.13973593711853,24.963783264160156,-23.368221282958984,-0.7392370206532707,2.1955394727107453,0.10134989018358014,0.028196968138217926,0.6361719965934753,0.012408133930381803,2.1544636487960815,2.1544636487960815,0.6736454367637634,34.295467376708984,34.324187989433995,0,0,0,
legacy,Melbourne,legacy_01,old stuff/diffusion_policy.pt,12.239887952804565,25.125761032104492,-23.513240814208984,-0.728983674693508,2.160260426126645,0.09909095432661577,0.019051648676395416,0.6459494233131409,0.008383178185216998,2.108939230442047,2.108939230442047,0.7393311858177185,34.512855529785156,34.54159982976853,0,0,0,
legacy,Melbourne,legacy_01,old stuff/diffusion_policy.pt,12.33785080909729,25.286235809326172,-23.653955459594727,-0.7188941857065452,2.1164599993349187,0.09729143549175015,0.006968192756175995,0.6418408751487732,0.0030660269650276163,2.073443055152893,2.073443055152893,0.6810130476951599,34.726219177246094,34.755031731998315,0,0,0,
legacy,Melbourne,legacy_01,old stuff/diffusion_policy.pt,12.437872409820557,25.44487953186035,-23.79023551940918,-0.7090066236755119,2.078659907678772,0.09536906486310764,-0.005460008978843689,0.6461493968963623,-0.0024024146077531367,2.0297391414642334,2.0297391414642334,0.6731312870979309,34.93523406982422,34.96417395127355,0,0,0,
legacy,Melbourne,legacy_01,old stuff/diffusion_policy.pt,12.537869930267334,25.60051727294922,-23.923686981201172,-0.7112393497956372,2.0356720953779486,-0.09052280517415193,-0.010875880718231201,0.6435528993606567,-0.004785471743946145,1.9624863266944885,1.9624863266944885,0.6755363345146179,35.1401252746582,35.16919368048548,0,0,0,
legacy,Melbourne,legacy_01,old stuff/diffusion_policy.pt,12.637909650802612,25.750307083129883,-24.055164337158203,-0.7206952202607505,1.9713620100507412,-0.09074178989192838,0.03629071265459061,0.6435821652412415,0.015971043407639093,1.8920286297798157,1.8920286297798157,0.6765705943107605,35.339378356933594,35.36850155619322,0,0,0,
legacy,Melbourne,legacy_01,old stuff/diffusion_policy.pt,12.739935636520386,25.894947052001953,-24.18221664428711,-0.7184196138840327,1.9016498757887033,0.08534942557910885,0.029251284897327423,0.6481173038482666,0.012872204216938785,1.8349024057388306,1.8349024057388306,0.6193796992301941,35.53184127807617,35.56102091175853,0,0,0,
legacy,Melbourne,legacy_01,old stuff/diffusion_policy.pt,12.84009075164795,26.036691665649414,-24.303842544555664,-0.7095433270777101,1.8446245424389178,0.0849070562590625,0.019295156002044678,0.6452550888061523,0.008490338993014457,1.8002032041549683,1.8002032041549683,0.6102195978164673,35.718502044677734,35.74779529785155,0,0,0,
legacy,Melbourne,legacy_01,old stuff/diffusion_policy.pt,12.939948081970215,26.176023483276367,-24.42121124267578,-0.7008736853790094,1.8065788755031982,0.08294557058039767,0.013942919671535492,0.6454583406448364,0.006135062126963434,1.764813244342804,1.764813244342804,0.6131697297096252,35.900508880615234,35.929973769088974,0,0,0,
legacy,Melbourne,legacy_01,old stuff/diffusion_policy.pt,13.039865970611572,26.313566207885742,-24.5350341796875,-0.6923770515983042,1.7708864653419873,0.08125968367985327,0.0062208399176597595,0.6487839221954346,0.0027371853255420777,1.7276147603988647,1.7276147603988647,0.6232300400733948,36.078800201416016,36.10850632106303,0,0,0,
legacy,Melbourne,legacy_01,old stuff/diffusion_policy.pt,13.13986849784851,26.449249267578125,-24.645383834838867,-0.6840444959292571,1.7339221973120245,0.07953501774072612,0.0032158493995666504,0.6277098655700684,0.001414975913235016,1.7039473056793213,1.7039473056793213,0.6154254078865051,36.25337219238281,36.283398107712856,0,0,0,
legacy,Melbourne,legacy_01,old stuff/diffusion_policy.pt,13.239728927612305,26.583477020263672,-24.752696990966797,-0.6758709280583316,1.7082567230836625,0.0782198428062473,-0.006967067718505859,0.6306393146514893,-0.0030655319377247505,1.6671350598335266,1.6671350598335266,0.5954397916793823,36.42482376098633,36.45525090684532,0,0,0,
legacy,Melbourne,legacy_01,old stuff/diffusion_policy.pt,13.339478969573975,26.71551513671875,-24.857778549194336,-0.6750229043297805,1.6731706957465309,-0.07252850890584,-0.01324186846613884,0.617734968662262,-0.005826574149769836,1.6127967238426208,1.6127967238426208,0.6080872416496277,36.59315490722656,36.62400119853555,0,0,0,
legacy,Melbourne,legacy_01,old stuff/diffusion_policy.pt,13.439873456954956,26.842439651489258,-24.96132469177246,-0.6828033542322738,1.6201187382525393,-0.07412956361463059,-0.013417955487966537,0.6272412538528442,-0.005904058585239866,1.5477222204208374,1.5477222204208374,0.6145305633544922,36.75668716430664,36.78780543906032,0,0,0,
legacy,Melbourne,legacy_01,old stuff/diffusion_policy.pt,13.537947654724121,26.964324951171875,-25.06243133544922,-0.6904126412001104,1.5583558626826635,-0.07134579498317536,0.007303185760974884,0.6474632024765015,0.003213427238100133,1.4907409250736237,1.4907409250736237,0.5753267407417297,36.91485595703125,36.94616806608974,0,0,0,
legacy,Melbourne,legacy_01,old stuff/diffusion_policy.pt,13.639559507369995,27.08148193359375,-25.15911102294922,-0.6881124824784383,1.4989410220593755,0.0674496966309884,-0.02667338028550148,0.6617497205734253,-0.011737529930307205,1.4444846212863922,1.4444846212863922,0.616057276725769,37.066551208496094,37.09806724925875,0,0,0,
legacy,Melbourne,legacy_01,old stuff/diffusion_policy.pt,13.739693641662598,27.195425033569336,-25.252182006835938,-0.687623954414088,1.4524064863901192,-0.06369643781102227,-0.026057466864585876,0.6642647385597229,-0.011466443913452324,1.404412865638733,1.404412865638733,0.6152772307395935,37.213436126708984,37.24519198210328,0,0,0,
legacy,Melbourne,legacy_01,old stuff/diffusion_policy.pt,13.838997602462769,27.304908752441406,-25.343852996826172,-0.6944354478812234,1.4113748062926101,-0.06400934000155277,-0.015125170350074768,0.6904918551445007,-0.006655301507297878,1.3524067103862762,1.3524067103862762,0.6204269528388977,37.3560905456543,37.38798683890491,0,0,0,
legacy,Melbourne,legacy_01,old stuff/diffusion_policy.pt,13.937804460525513,27.40985679626465,-25.43301010131836,-0.7010656528301766,1.3595581984679261,-0.06147886028744241,-0.011203154921531677,0.6847302913665771,-0.004929480228289966,1.3105425238609314,1.3105425238609314,0.6119929552078247,37.49370574951172,37.52569364206283,0,0,0,
legacy,Melbourne,legacy_01,old stuff/diffusion_policy.pt,14.039169549942017,27.51072120666504,-25.51985740661621,-0.7074696473559208,1.3164870403366322,-0.05930165356363686,0.03160255029797554,0.6569644212722778,0.01390718885593448,1.2638123631477356,1.2638123631477356,0.6100209951400757,37.626747131347656,37.65879569583922,0,0,0,
legacy,Melbourne,legacy_01,old stuff/diffusion_policy.pt,14.140586376190186,27.6085262298584,-25.603328704833984,-0.7052538929404124,1.2702005269908314,0.056506158273447044,0.04423011839389801,0.6611646413803101,0.019466918773804392,1.2328685224056244,1.2328685224056244,0.6293697357177734,37.755252838134766,37.78737966073095,0,0,0,
legacy,Melbourne,legacy_01,old stuff/diffusion_policy.pt,14.239885568618774,27.70457649230957,-25.683504104614258,-0.6992485705632662,1.238277475664611,0.05534713961625865,0.08000250160694122,0.6649279594421387,0.035234655537495364,1.194211721420288,1.194211721420288,0.6602827310562134,37.88024139404297,37.91249485043227,0,0,0,
legacy,Melbourne,legacy_01,old stuff/diffusion_policy.pt,14.339441061019897,27.799072265625,-25.76002311706543,-0.6867128333946273,1.2006570002474388,0.17644309239493688,0.08579055964946747,0.6637603044509888,0.03778922916651955,1.173280030488968,1.173280030488968,0.7009801864624023,38.00161361694336,38.03409191695391,0,0,0,
legacy,Melbourne,legacy_01,old stuff/diffusion_policy.pt,14.437811613082886,27.892860412597656,-25.8324031829834,-0.6696383539393963,1.176600195549859,0.17355645346901105,0.11134572327136993,0.6241618394851685,0.04908265590503172,1.1663915812969208,1.1663915812969208,0.666897714138031,38.11967468261719,38.152563204144826,0,0,0,
legacy,Melbourne,legacy_01,old stuff/diffusion_policy.pt,14.5396888256073,27.986753463745117,-25.902318954467773,-0.6527911300642144,1.1676296755401017,0.17218345749548275,0.11448383331298828,0.6208668351173401,0.05047130685059483,1.1597984433174133,1.1597984433174133,0.703212320804596,38.23615264892578,38.269629152579,0,0,0,
legacy,Melbourne,legacy_01,old stuff/diffusion_policy.pt,14.637858867645264,28.081241607666016,-25.970233917236328,-0.6360495800868516,1.1609359433063802,0.1712655072968027,0.11224948614835739,0.6212073564529419,0.04948253674429312,1.1356567740440369,1.1356567740440369,0.7466967105865479,38.35172653198242,38.385993918491295,0,0,0,
legacy,Melbourne,legacy_01,old stuff/diffusion_policy.pt,14.737836122512817,28.1754207611084,-26.035566329956055,-0.6195162323010568,1.13872260314054,0.16838167120021172,0.1264876425266266,0.6185691356658936,0.05578735466350827,1.1272234618663788,1.1272234618663788,0.7086067199707031,38.46533966064453,38.50061647509574,0,0,0,
legacy,Melbourne,legacy_01,old stuff/diffusion_policy.pt,14.837817192077637,28.269487380981445,-26.098543167114258,-0.6032109064171075,1.1286180670952572,0.1668873212748001,0.12911267578601837,0.6180795431137085,0.05695082292699792,1.1212037801742554,1.1212037801742554,0.7433698773384094,38.57728576660156,38.613819329155376,0,0,0,
legacy,Melbourne,legacy_01,old stuff/diffusion_policy.pt,14.937779188156128,28.36391830444336,-26.15955924987793,-0.5870240248443059,1.1221029611562634,0.16596692168906355,0.2025047391653061,0.6280542612075806,0.08964891600177237,1.1107277870178223,1.1107277870178223,0.7777091264724731,38.68819046020508,38.72624899921357,0,0,0,
legacy,Melbourne,legacy_01,old stuff/diffusion_policy.pt,15.0378999710083,28.459228515625,-26.21750259399414,-0.5634870292123468,1.1121073317213512,0.26194156212234,0.20583221316337585,0.6308828592300415,0.09114051503256806,1.0925248861312866,1.0925248861312866,0.7423012256622314,38.79768753051758,38.83779862904339,0,0,0,
legacy,Melbourne,legacy_01,old stuff/diffusion_policy.pt,15.140092611312866,28.5550479888916,-26.271663665771484,-0.5370281794038549,1.0948997824420716,0.25819354417072615,0.21242475509643555,0.6236782073974609,0.09409844987310796,1.1043898165225983,1.1043898165225983,0.7474645376205444,38.905029296875,38.94786923759966,0,0,0,
legacy,Melbourne,legacy_01,old stuff/diffusion_policy.pt,15.239733219146729,28.651870727539062,-26.32305145263672,-0.5107457213250417,1.0979770893290508,0.2585906103178164,0.21006445586681366,0.6275668144226074,0.09303901387173459,1.1126616597175598,1.1126616597175598,0.718967854976654,39.011268615722656,39.05748699334799,0,0,0,
legacy,Melbourne,legacy_01,old stuff/diffusion_policy.pt,15.3378586769104,28.750417709350586,-26.37207794189453,-0.48436782869750705,1.1033863401926243,0.25983649199864733,0.14617332816123962,0.6196887493133545,0.06452136077179856,1.1196497976779938,1.1196497976779938,0.7849888205528259,39.11722183227539,39.16755888806074,0,0,0,
legacy,Melbourne,legacy_01,old stuff/diffusion_policy.pt,15.43785285949707,28.850772857666016,-26.418743133544922,-0.4578518864186888,1.1096581930689764,0.2613270095285795,0.21986714005470276,0.6240614056587219,0.09744214818633473,1.1052927374839783,1.1052927374839783,0.7439110279083252,39.22294998168945,39.27823647586047,0,0,0,
legacy,Melbourne,legacy_01,old stuff/diffusion_policy.pt,15.539904117584229,28.952747344970703,-26.46181869506836,-0.42511749488946143,1.105822218337934,0.37541449325343135,0.14365868270397186,0.6148433685302734,0.06340449304125834,1.1294437944889069,1.1294437944889069,0.8066076040267944,39.327510833740234,39.38894825251191,0,0,0,
legacy,Melbourne,legacy_01,old stuff/diffusion_policy.pt,15.639868021011353,29.056106567382812,-26.502225875854492,-0.3994018053175614,1.1141422151637592,0.16611247694996084,0.14979001879692078,0.6076257824897766,0.06612834126760254,1.1383785903453827,1.1383785903453827,0.7910152077674866,39.43134689331055,39.49992643677979,0,0,0,
legacy,Melbourne,legacy_01,old stuff/diffusion_policy.pt,15.739887714385986,29.160720825195312,-26.54188346862793,-0.3779591284118553,1.1232147367001626,0.26349741602890886,0.1491154432296753,0.6109917759895325,0.06582855308813437,1.130948781967163,1.130948781967163,0.7525284290313721,39.53565216064453,39.61181247708737,0,0,0,
legacy,Melbourne,legacy_01,old stuff/diffusion_policy.pt,15.839909791946411,29.267192840576172,-26.57823371887207,-0.351021345644112,1.1264251873801172,0.2654401782045818,0.1512427031993866,0.6120578646659851,0.06677402088945741,1.1437087655067444,1.1437087655067444,0.8070167303085327,39.63917922973633,39.72432222412317,0,0,0,
legacy,Melbourne,legacy_01,old stuff/diffusion_policy.pt,15.937879085540771,29.375038146972656,-26.61181640625,-0.3239706236671325,1.1326990679680615,0.266822233392223,0.14981727302074432,0.6083320379257202,0.06614045388713306,1.1431782245635986,1.1431782245635986,0.795897901058197,39.74192810058594,39.83727885046392,0,0,0,
legacy,Melbourne,legacy_01,old stuff/diffusion_policy.pt,16.03990602493286,29.484262466430664,-26.64261245727539,-0.29678793734665226,1.1367402657841885,0.26787759492990476,0.15585047006607056,0.6012889742851257,0.06882289523788347,1.139356791973114,1.139356791973114,0.7869570255279541,39.843910217285156,39.950765230780235,0,0,0,
legacy,Melbourne,legacy_01,old stuff/diffusion_policy.pt,16.137874603271484,29.594532012939453,-26.67049217224121,-0.26953383015711135,1.1378665358323388,0.26824394441732735,0.15922152996063232,0.60219806432724,0.07032269003528642,1.15494042634964,1.15494042634964,0.8615376949310303,39.944793701171875,40.064508210954955,0,0,0,
legacy,Melbourne,legacy_01,old stuff/diffusion_policy.pt,16.237883806228638,29.705909729003906,-26.69544219970703,-0.2422059617899406,1.1444509138371994,0.26963990732620424,0.15888623893260956,0.6082532405853271,0.07017348608291601,1.1581120491027832,1.1581120491027832,0.8122386932373047,40.04463577270508,40.178649881941965,0,0,0,
legacy,Melbourne,legacy_01,old stuff/diffusion_policy.pt,16.33788013458252,29.818506240844727,-26.717451095581055,-0.2147372114576165,1.1497192147255173,0.27093945706530426,0.16018721461296082,0.6005081534385681,0.07075245791695914,1.157809317111969,1.157809317111969,0.7897025942802429,40.143516540527344,40.29338089664816,0,0,0,
legacy,Melbourne,legacy_01,old stuff/diffusion_policy.pt,16.440035343170166,29.93206787109375,-26.736427307128906,-0.18716363112530157,1.1528390710731293,0.27175291289149295,0.12756171822547913,0.6490973234176636,0.056263364804298784,1.16483473777771,1.16483473777771,0.7919613718986511,40.2411994934082,40.40852077965974,0,0,0,
legacy,Melbourne,legacy_01,old stuff/diffusion_policy.pt,16.53988218307495,30.04636001586914,-26.753129959106445,-0.1649812166897278,1.1572496185169183,0.17166985012596897,0.1375165730714798,0.6472761034965515,0.06067800629044567,1.1624442636966705,1.1624442636966705,0.7867280840873718,40.33802032470703,40.52402730387985,0,0,0,
legacy,Melbourne,legacy_01,old stuff/diffusion_policy.pt,16.64017128944397,30.161144256591797,-26.76874351501465,-0.1483155552581306,1.159326197382542,0.17092667711020834,0.16993610560894012,0.5994425415992737,0.07509448846711513,1.158662348985672,1.158662348985672,0.7853672504425049,40.434593200683594,40.63986979340552,0,0,0,
legacy,Melbourne,legacy_01,old stuff/diffusion_policy.pt,16.73794960975647,30.276321411132812,-26.781654357910156,-0.12616526575711554,1.1587839465488186,0.2722006815597994,0.1742655336856842,0.5942180156707764,0.07702479948344984,1.1524562537670135,1.1524562537670135,0.7793132066726685,40.529781341552734,40.75577625641017,0,0,0,
legacy,Melbourne,legacy_01,old stuff/diffusion_policy.pt,16.837878465652466,30.391483306884766,-26.79056167602539,-0.09848822952317106,1.1532236822783863,0.2720186361976399,0.17750400304794312,0.5965343713760376,0.07846954661112827,1.1634811162948608,1.1634811162948608,0.7896748185157776,40.62244415283203,40.87128605143516,0,0,0,
legacy,Melbourne,legacy_01,old stuff/diffusion_policy.pt,16.93790912628174,30.50687599182129,-26.79625701904297,-0.0708232144238601,1.1571793746634103,0.27276152758823247,0.14407849311828613,0.653353214263916,0.06359092459685071,1.1654450297355652,1.1654450297355652,0.7856782674789429,40.713287353515625,40.98682292466401,0,0,0,
legacy,Melbourne,legacy_01,old stuff/diffusion_policy.pt,17.038089752197266,30.622703552246094,-26.8000545501709,-0.05076789449740129,1.1603669773865946,0.17140204405215193,0.1830938756465912,0.5970112085342407,0.08096505650138637,1.1580381989479065,1.1580381989479065,0.7867060303688049,40.803348541259766,41.10271288090735,0,0,0,
legacy,Melbourne,legacy_01,old stuff/diffusion_policy.pt,17.137885808944702,30.738590240478516,-26.801210403442383,-0.026398479641932118,1.1583205733657176,0.27283471843810886,0.1831659972667694,0.6004842519760132,0.08099726881569239,1.1626395285129547,1.1626395285129547,0.7897584438323975,40.8918571472168,41.218614026060095,0,0,0,
legacy,Melbourne,legacy_01,old stuff/diffusion_policy.pt,17.237879276275635,30.854476928710938,-26.7985782623291,0.001358218591236415,1.1599861302750702,0.27350229466055237,0.1491214483976364,0.6526424288749695,0.0658312217262892,1.166458547115326,1.166458547115326,0.7876121997833252,40.9780387878418,41.334534471010556,0,0,0,
legacy,Melbourne,legacy_01,old stuff/diffusion_policy.pt,17.337876796722412,30.970458984375,-26.792713165283203,0.029167630322866785,1.1624821858913403,0.27407417993412625,0.1453477442264557,0.6590811610221863,0.0641546415007962,1.1701751947402954,1.1701751947402954,0.7926889061927795,41.062339782714844,41.450668539939215,0,0,0,
legacy,Melbourne,legacy_01,old stuff/diffusion_policy.pt,17.43786907196045,31.086505889892578,-26.783601760864258,0.057039355345048996,1.1654489294719332,0.2747663590092616,0.14507226645946503,0.6636048555374146,0.0640322847388754,1.1779817640781403,1.1779817640781403,0.8072636127471924,41.14474105834961,41.567076404666295,0,0,0,
legacy,Melbourne,legacy_01,old stuff/diffusion_policy.pt,17.537883043289185,31.202720642089844,-26.771862030029297,0.08112570193818804,1.170282099292582,0.2242922491391807,0.14590996503829956,0.6643871068954468,0.06440437222081392,1.1783866882324219,1.1783866882324219,0.8239724636077881,41.225730895996094,41.6838837536925,0,0,0,
legacy,Melbourne,legacy_01,old stuff/diffusion_policy.pt,17.63788890838623,31.318979263305664,-26.757122039794922,0.10745550516112118,1.173407565242603,0.27646541615661213,0.14173546433448792,0.6648221015930176,0.06255054831369886,1.1834319233894348,1.1834319233894348,0.7868787050247192,41.304996490478516,41.801079152239254,0,0,0,
legacy,Melbourne,legacy_01,old stuff/diffusion_policy.pt,17.737865209579468,31.435287475585938,-26.740076065063477,0.12780408546807498,1.1772733509103293,0.17370661042902852,0.14528977870941162,0.6676768064498901,0.06412889505633568,1.1881819367408752,1.1881819367408752,0.7894898653030396,41.38299560546875,41.91863001891761,0,0,0,
legacy,Melbourne,legacy_01,old stuff/diffusion_policy.pt,17.837886571884155,31.55156135559082,-26.72028923034668,0.15255255019613498,1.1814801314808239,0.2781454709986257,0.13936950266361237,0.6707189083099365,0.061500302190219784,1.1876844763755798,1.1876844763755798,0.8107722997665405,41.45939636230469,42.03658441276639,0,0,0,
legacy,Melbourne,legacy_01,old stuff/diffusion_policy.pt,17.937857389450073,31.667695999145508,-26.6978816986084,0.17303241698084465,1.1838728074261402,0.17464321141038672,0.1377452164888382,0.6726419925689697,0.0607794638404828,1.1765642166137695,1.1765642166137695,0.8649288415908813,41.53420639038086,42.154861186718335,0,0,0,
legacy,Melbourne,legacy_01,old stuff/diffusion_policy.pt,18.037862300872803,31.783241271972656,-26.67413330078125,0.19000448411556095,1.1774505791100935,0.17349769460396344,0.14408725500106812,0.6731352210044861,0.06359481572575733,1.1778426468372345,1.1778426468372345,0.7941141724586487,41.60791015625,42.27282307864516,0,0,0,
legacy,Melbourne,legacy_01,old stuff/diffusion_policy.pt,18.137903451919556,31.898164749145508,-26.648483276367188,0.20692420361473363,1.1776017652090098,0.17344376425384478,0.1526046097278595,0.6739867925643921,0.06737946722481353,1.1739897429943085,1.1739897429943085,0.8032621145248413,41.68012619018555,42.39057555803447,0,0,0,
legacy,Melbourne,legacy_01,old stuff/diffusion_policy.pt,18.23788022994995,32.012123107910156,-26.61967658996582,0.23161075683412996,1.174427823673131,0.2766707747075974,0.1567377895116806,0.6659228801727295,0.06921759749067452,1.1722001731395721,1.1722001731395721,0.763304591178894,41.74980163574219,42.50812743612914,0,0,0,
legacy,Melbourne,legacy_01,old stuff/diffusion_policy.pt,18.337854862213135,32.124839782714844,-26.587175369262695,0.25970758701701974,1.172470361652772,0.2765645831500657,0.15122967958450317,0.6711827516555786,0.06676823167756438,1.1861481070518494,1.1861481070518494,0.8079124093055725,41.81639099121094,42.62544034430175,0,0,0,
legacy,Melbourne,legacy_01,old stuff/diffusion_policy.pt,18.43780016899109,32.2368049621582,-26.55144500732422,0.28783372622283665,1.1777450910841452,0.27761892067847094,0.1286773681640625,0.6630805730819702,0.05675786154724664,1.2028391361236572,1.2028391361236572,0.834318995475769,41.88058090209961,42.74297241223394,0,0,0,
legacy,Melbourne,legacy_01,old stuff/diffusion_policy.pt,18.538401126861572,32.34886932373047,-26.513565063476562,0.30830199987123313,1.1874223966083948,0.17497493905621303,0.11376024037599564,0.6480957269668579,0.050151069308758005,1.2229415774345398,1.2229415774345398,0.7820987105369568,41.943729400634766,42.861265911808005,0,0,0,
legacy,Melbourne,legacy_01,old stuff/diffusion_policy.pt,18.637895584106445,32.46158981323242,-26.47394561767578,0.3254374799024445,1.2011200902682568,0.17632264973159503,0.13001646101474762,0.6485397815704346,0.0573514801104404,1.207633137702942,1.207633137702942,0.8229886293411255,42.006534576416016,42.980747842317214,0,0,0,
legacy,Melbourne,legacy_01,old stuff/diffusion_policy.pt,18.73779034614563,32.574337005615234,-26.432144165039062,0.34269741782992136,1.2036317917424568,0.17692703794102138,0.12747237086296082,0.641516387462616,0.056223765519979936,1.2111725807189941,1.2111725807189941,0.786304235458374,42.068241119384766,43.100996067834785,0,0,0,
legacy,Melbourne,legacy_01,old stuff/diffusion_policy.pt,18.837821006774902,32.68659973144531,-26.388303756713867,0.3599970775668576,1.2065398330209727,0.1773124775572938,0.11705334484577179,0.6382829546928406,0.05160867745208073,1.2153316140174866,1.2153316140174866,0.8564461469650269,42.1285514831543,43.22151680858224,0,0,0,
legacy,Melbourne,legacy_01,old stuff/diffusion_policy.pt,18.9377863407135,32.79838180541992,-26.3424072265625,0.37733980116222604,1.20993028577019,0.1777615798171113,0.12752127647399902,0.6396326422691345,0.05624544072876025,1.2178490459918976,1.2178490459918976,0.8258329033851624,42.187461853027344,43.342355851171305,0,0,0,
legacy,Melbourne,legacy_01,old stuff/diffusion_policy.pt,19.03777527809143,32.90964126586914,-26.294452667236328,0.3947281506154822,1.2129840769589717,0.17818480121960964,0.133328378200531,0.6394795179367065,0.05882004830682878,1.2284264266490936,1.2284264266490936,0.784295916557312,42.24495315551758,43.46351137486636,0,0,0,
legacy,Melbourne,legacy_01,old stuff/diffusion_policy.pt,19.137789726257324,33.02047348022461,-26.2443790435791,0.4121739768631178,1.2189392995679407,0.1789229334095921,0.14993566274642944,0.6390644311904907,0.06619307045363639,1.24383544921875,1.24383544921875,0.8337361216545105,42.30106735229492,43.585131723521044,0,0,0,
legacy,Melbourne,legacy_01,old stuff/diffusion_policy.pt,19.237812042236328,33.13054275512695,-26.19083595275879,0.4377549306354607,1.2285402884148546,0.2890350926994151,0.15646162629127502,0.6518338918685913,0.06909474782531683,1.2663271129131317,1.2663271129131317,0.8617793917655945,42.35472106933594,43.70754273244529,0,0,0,
legacy,Melbourne,legacy_01,old stuff/diffusion_policy.pt,19.33782434463501,33.239810943603516,-26.132986068725586,0.4672509668936876,1.243112468120893,0.2927743691033485,0.16457407176494598,0.6472731828689575,0.07270553604771901,1.319977730512619,1.319977730512619,0.8294239640235901,42.4053840637207,43.83118451581686,0,0,0,
legacy,Melbourne,legacy_01,old stuff/diffusion_policy.pt,19.437772512435913,33.34929275512695,-26.0708065032959,0.4972148985390154,1.2727549157853189,0.2991791413166876,0.16880524158477783,0.6414328813552856,0.07459049370694089,1.363414227962494,1.363414227962494,0.8790170550346375,42.45387268066406,43.95709621076821,0,0,0,
legacy,Melbourne,legacy_01,old stuff/diffusion_policy.pt,19.537777423858643,33.45964050292969,-26.003684997558594,0.5278978929545299,1.307716933187764,0.30713984999453836,0.19723932445049286,0.6362762451171875,0.08729042900474189,1.4660727381706238,1.4660727381706238,0.8720675110816956,42.50035095214844,44.086259754461935,0,0,0,
legacy,Melbourne,legacy_01,old stuff/diffusion_policy.pt,19.63782024383545,33.57198715209961,-25.930532455444336,0.5595750132217157,1.3687855285759112,0.32017769285666736,0.21995556354522705,0.6491977572441101,0.09748190396568188,1.5857298374176025,1.5857298374176025,0.8605233430862427,42.54510498046875,44.22032885075896,0,0,0,
legacy,Melbourne,legacy_01,old stuff/diffusion_policy.pt,19.73776412010193,33.687286376953125,-25.848716735839844,0.6001851401596066,1.4524482603157491,0.4792962430025742,0.23820923268795013,0.6319324970245361,0.10570409328823673,1.7849739789962769,1.7849739789962769,0.8652251362800598,42.58734893798828,44.36172546175658,0,0,0,
legacy,Melbourne,legacy_01,old stuff/diffusion_policy.pt,19.83778142929077,33.806663513183594,-25.754375457763672,0.6495867777986429,1.5806839819491136,0.5170207576955236,0.25144055485725403,0.6135680675506592,0.11168387999368787,2.2058132886886597,2.2058132886886597,0.8753160834312439,42.62574768066406,44.513894844887545,0,0,0,
legacy,Melbourne,legacy_01,old stuff/diffusion_policy.pt,19.937769889831543,33.93552780151367,-25.641860961914062,0.7035649938454589,1.8217598402884112,0.5770407283885415,0.23591604828834534,0.6265754103660583,0.10466944533339365,2.5556262731552124,2.5556262731552124,0.803467869758606,42.661380767822266,44.68498389804154,0,0,0,
legacy,Melbourne,legacy_01,old stuff/diffusion_policy.pt,20.037769556045532,34.07722473144531,-25.504377365112305,0.7641851824990681,2.1047692485876843,0.6485846215978549,0.16374962031841278,0.6482974290847778,0.07233838588955735,3.0,3.0,0.8043195009231567,42.69313430786133,44.88244124138146,0,0,0,
legacy,Melbourne,legacy_01,old stuff/diffusion_policy.pt,20.137796878814697,34.23319625854492,-25.336563110351562,0.8222591292966095,2.4500073910425595,0.5251152397514881,0.07813998311758041,0.6553414463996887,0.034412856705138384,2.9665746688842773,2.9665746688842773,0.8079030513763428,42.719383239746094,45.111561747355154,0,0,0,
legacy,Melbourne,legacy_01,old stuff/diffusion_policy.pt,20.23776888847351,34.40032958984375,-25.14297866821289,0.8643003897275251,2.6492171782105034,0.35156322957049996,-0.009774647653102875,0.6592414975166321,-0.004300906112899557,2.8622989654541016,2.8622989654541016,0.7788751125335693,42.74079895019531,45.3673212491849,0,0,0,
legacy,Melbourne,legacy_01,old stuff/diffusion_policy.pt,20.337775707244873,34.57210159301758,-24.935497283935547,0.8795352533123839,2.73139036127296,-0.08855069385876736,-0.05696994811296463,0.637732982635498,-0.025078888453953826,2.7360384464263916,2.7360384464263916,0.8003588318824768,42.75944137573242,45.63668089182465,0,0,0,
legacy,Melbourne,legacy_01,old stuff/diffusion_policy.pt,20.43779993057251,34.7480354309082,-24.7264404296875,0.8678019657644218,2.733182855869254,-0.12297293163328359,-0.029515378177165985,0.6346873641014099,-0.012988450054764495,2.6915141344070435,2.6915141344070435,0.8025801777839661,42.78227615356445,45.90991742917686,0,0,0,
legacy,Melbourne,legacy_01,old stuff/diffusion_policy.pt,20.537841796875,34.92484664916992,-24.521209716796875,0.8552481952782356,2.696567478797604,-0.12240910615026925,-0.01267588883638382,0.6338504552841187,-0.0055775244403460655,2.6549792289733887,2.6549792289733887,0.8274021148681641,42.80973815917969,46.18081003249972,0,0,0,
legacy,Melbourne,legacy_01,old stuff/diffusion_policy.pt,20.637924194335938,35.10177993774414,-24.32093620300293,0.8428404278811902,2.66002291877328,-0.12077122524281612,0.01197141408920288,0.6330605149269104,0.005267534530519836,2.603423774242401,2.603423774242401,0.7914606928825378,42.841800689697266,46.44804743127315,0,0,0,
legacy,Melbourne,legacy_01,old stuff/diffusion_policy.pt,20.737759590148926,35.27659606933594,-24.124839782714844,0.8446651285771103,2.6102879896730844,0.11207679829862431,0.012331843376159668,0.6390627026557922,0.005426133871508142,2.514419674873352,2.514419674873352,0.8274189233779907,42.8760871887207,46.71075452314108,0,0,0,
legacy,Melbourne,legacy_01,old stuff/diffusion_policy.pt,20.83778429031372,35.44456481933594,-23.9323787689209,0.8566452533030491,2.5260461724316987,0.11621880625459241,-0.0018120184540748596,0.6414573192596436,-0.0007972885093254006,2.409464657306671,2.409464657306671,0.8030474781990051,42.90827941894531,46.966206044045975,0,0,0,
legacy,Melbourne,legacy_01,old stuff/diffusion_policy.pt,20.93782901763916,35.60554122924805,-23.746601104736328,0.8547309652210607,2.423603237866127,-0.10640182395892399,-0.0060974061489105225,0.6257733106613159,-0.0026828735475483635,2.3295671939849854,2.3295671939849854,0.813068687915802,42.93980026245117,47.212025759828975,0,0,0,
legacy,Melbourne,legacy_01,old stuff/diffusion_policy.pt,21.037943124771118,35.762603759765625,-23.56926727294922,0.8435381862223184,2.3409715843440453,-0.10788743464545236,0.014595039188861847,0.6223816871643066,0.006422020799302025,2.2833089232444763,2.2833089232444763,0.8307676315307617,42.974029541015625,47.44891503089457,0,0,0,
legacy,Melbourne,legacy_01,old stuff/diffusion_policy.pt,21.137879848480225,35.916046142578125,-23.396944046020508,0.8456086247456137,2.2903021185599153,0.10058494816751942,0.008165694773197174,0.6312053799629211,0.003592941348528114,2.213533937931061,2.213533937931061,0.8601701855659485,43.00920104980469,47.67965403952985,0,0,0,
legacy,Melbourne,legacy_01,old stuff/diffusion_policy.pt,21.238017559051514,36.06349563598633,-23.227571487426758,0.8561921812493344,2.222844084739475,0.10227898365717056,-0.005428507924079895,0.6370384693145752,-0.0023885539602636944,2.11882621049881,2.11882621049881,0.8075941801071167,43.042110443115234,47.90421788216918,0,0,0,
legacy,Melbourne,legacy_01,old stuff/diffusion_policy.pt,21.33791446685791,36.20516586303711,-23.06421661376953,0.8540321868110617,2.131441112912497,-0.0950629312501627,-0.007684141397476196,0.6349788904190063,-0.003381051920962057,2.0609911680221558,2.0609911680221558,0.8293777704238892,43.07448196411133,48.12044909605174,0,0,0,
legacy,Melbourne,legacy_01,old stuff/diffusion_policy.pt,21.4379563331604,36.34391784667969,-22.907861709594727,0.8441367159407162,2.069535216555077,-0.09522850443525052,-0.0038699135184288025,0.6369109749794006,-0.0017027657426588224,2.0190199613571167,2.0190199613571167,0.8612549304962158,43.109130859375,48.32949305520742,0,0,0,
legacy,Melbourne,legacy_01,old stuff/diffusion_policy.pt,21.53780508041382,36.48086166381836,-22.756641387939453,0.8344603983683723,2.025146394542183,-0.09301626568645271,0.008956164121627808,0.632600724697113,0.003940759249107685,1.9709424376487732,1.9709424376487732,0.8652591109275818,43.14591979980469,48.533506659878185,0,0,0,
legacy,Melbourne,legacy_01,old stuff/diffusion_policy.pt,21.637856245040894,36.614768981933594,-22.608949661254883,0.8367151032123564,1.9775161723906323,0.08822016318737998,0.0025251805782318115,0.640891432762146,0.0011110805086470097,1.9103391766548157,1.9103391766548157,0.8196023106575012,43.18288803100586,48.73286742725759,0,0,0,
legacy,Melbourne,legacy_01,old stuff/diffusion_policy.pt,21.737802028656006,36.74329376220703,-22.463844299316406,0.8459141509668948,1.9184861352641989,0.08823905644970174,-0.01660202071070671,0.6544957160949707,-0.007305188721949585,1.8315707445144653,1.8315707445144653,0.9042943716049194,43.217472076416016,48.926708871586015,0,0,0,
legacy,Melbourne,legacy_01,old stuff/diffusion_policy.pt,21.837836265563965,36.86714553833008,-22.324018478393555,0.8436214040900434,1.842111564857493,-0.08289812860086235,-0.015350546687841415,0.6486397385597229,-0.0067544773752373196,1.7811639904975891,1.7811639904975891,0.8746134042739868,43.25159454345703,49.11350077399402,0,0,0,
legacy,Melbourne,legacy_01,old stuff/diffusion_policy.pt,21.937781810760498,36.98849868774414,-22.1901798248291,0.8350223246656426,1.7885554648250963,-0.08213229732258792,-0.013794265687465668,0.650608241558075,-0.006069648757782228,1.7366986870765686,1.7366986870765686,0.9252575039863586,43.28739929199219,49.29416516245692,0,0,0,
legacy,Melbourne,legacy_01,old stuff/diffusion_policy.pt,22.037821769714355,37.10775375366211,-22.060964584350586,0.8266273000580848,1.7429876586939237,-0.07995922131658388,-0.011361192911863327,0.6497889757156372,-0.004999020895371584,1.7105947136878967,1.7105947136878967,0.8725440502166748,43.324459075927734,49.470001874578884,0,0,0,
legacy,Melbourne,legacy_01,old stuff/diffusion_policy.pt,22.137791395187378,37.22575378417969,-21.935258865356445,0.8184216898980866,1.7145231739808973,-0.0784950701983859,-0.006530020385980606,0.6543099880218506,-0.002873227200466997,1.6573294401168823,1.6573294401168823,0.8790990710258484,43.362884521484375,49.64241450847476,0,0,0,
legacy,Melbourne,legacy_01,old stuff/diffusion_policy.pt,22.237802505493164,37.341827392578125,-21.813631057739258,0.8103751917926794,1.6642657130624119,-0.07626960376495412,-0.001970384269952774,0.6550257802009583,-0.0008669695796303286,1.623630166053772,1.623630166053772,0.981941282749176,43.40232849121094,49.8105411772558,0,0,0,
legacy,Melbourne,legacy_01,old stuff/diffusion_policy.pt,22.337770462036133,37.45604705810547,-21.695859909057617,0.8025394156545423,1.6285583151061311,-0.07447412022585738,0.001811884343624115,0.6532920598983765,0.0007972295006405895,1.5815264582633972,1.5815264582633972,0.9367921948432922,43.442691802978516,49.97460315571516,0,0,0,
legacy,Melbourne,legacy_01,old stuff/diffusion_policy.pt,22.43777561187744,37.5672721862793,-21.5806827545166,0.804854148798083,1.5872303836715553,0.07134498684084574,-0.01397482305765152,0.6488330364227295,-0.0061491008379065,1.5242829322814941,1.5242829322814941,0.937888503074646,43.4823112487793,50.13472021007328,0,0,0,
legacy,Melbourne,legacy_01,old stuff/diffusion_policy.pt,22.53779101371765,37.674827575683594,-21.468992233276367,0.8025240250533796,1.531916997668885,-0.0689582142011765,-0.01105654239654541,0.6540489792823792,-0.004864967149949688,1.4846075177192688,1.4846075177192688,0.9371657967567444,43.520999908447266,50.2897800571227,0,0,0,
legacy,Melbourne,legacy_01,old stuff/diffusion_policy.pt,22.637778759002686,37.780399322509766,-21.36181640625,0.7953291597662034,1.4903450076170908,-0.0678409512582585,-0.017563827335834503,0.6638033390045166,-0.007728438785458487,1.4416192173957825,1.4416192173957825,1.0068678855895996,43.560672760009766,50.44022000776022,0,0,0,
legacy,Melbourne,legacy_01,old stuff/diffusion_policy.pt,22.737794876098633,37.883758544921875,-21.2584228515625,0.7883125087385743,1.447528472869242,-0.06577645464979583,-0.008813410997390747,0.662585973739624,-0.0038779456609719823,1.418836623430252,1.418836623430252,0.978420078754425,43.60072326660156,50.5864166469255,0,0,0,
legacy,Melbourne,legacy_01,old stuff/diffusion_policy.pt,22.837775945663452,37.985626220703125,-21.15794563293457,0.7814635744594297,1.422316252889399,-0.06446551891544534,-0.0016817562282085419,0.6635895371437073,-0.0007399730518306206,1.373206079006195,1.373206079006195,0.9976180791854858,43.64133071899414,50.729499792767456,0,0,0,
legacy,Melbourne,legacy_01,old stuff/diffusion_policy.pt,22.93776822090149,38.08552169799805,-21.06075668334961,0.7747662548340156,1.3791620560515887,-0.062417173012866735,-0.015916310250759125,0.6804434657096863,-0.007003440506841316,1.335702359676361,1.335702359676361,0.9942194223403931,43.68220901489258,50.86887296484201,0,0,0,
legacy,Melbourne,legacy_01,old stuff/diffusion_policy.pt,23.03786039352417,38.18319320678711,-20.966999053955078,0.7682609127095895,1.340973064898777,-0.06050473340513744,-0.00871036946773529,0.6774742603302002,-0.0038326058341148694,1.2929122745990753,1.2929122745990753,0.9889082908630371,43.72317886352539,51.004262384114554,0,0,0,
legacy,Melbourne,legacy_01,old stuff/diffusion_policy.pt,23.137917518615723,38.27850341796875,-20.876691818237305,0.7619432042532833,1.2987409071989355,-0.05841073372140943,-0.009898893535137177,0.6881323456764221,-0.004355576662448818,1.2635623812675476,1.2635623812675476,0.9974687099456787,43.76408386230469,51.135561676783254,0,0,0,
legacy,Melbourne,legacy_01,old stuff/diffusion_policy.pt,23.237865209579468,38.37184524536133,-20.78936004638672,0.7558007076061241,1.2678287726495088,-0.05682108014811645,-0.0019599124789237976,0.6892138123512268,-0.0008623619836344806,1.2196505963802338,1.2196505963802338,1.005507469177246,43.805015563964844,51.26338810668676,0,0,0,
legacy,Melbourne,legacy_01,old stuff/diffusion_policy.pt,23.338309288024902,38.46289825439453,-20.705215454101562,0.7498282359242029,1.225493517550674,-0.05471268290062886,-0.006705723702907562,0.6735242605209351,-0.002950538171468273,1.2003260850906372,1.2003260850906372,1.0289002656936646,43.84575271606445,51.387368021620205,0,0,0,
legacy,Melbourne,legacy_01,old stuff/diffusion_policy.pt,23.437867641448975,38.55231475830078,-20.623567581176758,0.7440112300932602,1.2033783107294818,-0.053530491619135936,-0.0033417046070098877,0.6780714988708496,-0.0014703524702924429,1.1652445793151855,1.1652445793151855,1.102125883102417,43.88652420043945,51.508453683083644,0,0,0,
legacy,Melbourne,legacy_01,old stuff/diffusion_policy.pt,23.53791379928589,38.63999938964844,-20.5444278717041,0.7383240483661597,1.169869316181465,-0.05184308783103048,-0.015516623854637146,0.6743564009666443,-0.006827559099123477,1.1272927522659302,1.1272927522659302,1.120087742805481,43.927223205566406,51.6265711459273,0,0,0,
legacy,Melbourne,legacy_01,old stuff/diffusion_policy.pt,23.637876749038696,38.725440979003906,-20.468191146850586,0.7328038444485631,1.1324563016348717,-0.04991655779835971,-0.019547708332538605,0.6689192056655884,-0.00860148073107121,1.1077685952186584,1.1077685952186584,1.1261337995529175,43.96755599975586,51.741080295381835,0,0,0,
legacy,Melbourne,legacy_01,old stuff/diffusion_policy.pt,23.73789644241333,38.80927658081055,-20.39421272277832,0.7274244250174742,1.1107625888426975,-0.04875196412145926,-0.033808380365371704,0.6536506414413452,-0.014878217812876224,1.07323157787323,1.07323157787323,1.1258372068405151,44.00776672363281,51.85288929854869,0,0,0,
legacy,Melbourne,legacy_01,old stuff/diffusion_policy.pt,23.83793830871582,38.89131164550781,-20.32260513305664,0.7221742716399034,1.0777832187334833,-0.04704238508888638,-0.0443696603178978,0.6680840253829956,-0.01952837103319692,1.046266257762909,1.046266257762909,1.1358609199523926,44.04771041870117,51.96178114795475,0,0,0,
legacy,Melbourne,legacy_01,old stuff/diffusion_policy.pt,23.937872409820557,38.97148895263672,-20.253353118896484,0.7170677773198153,1.050088586268395,-0.04556357915504813,-0.03643535077571869,0.6725231409072876,-0.016034721757252922,1.0130780339241028,1.0130780339241028,1.1584707498550415,44.087310791015625,52.06772582148551,0,0,0,
legacy,Melbourne,legacy_01,old stuff/diffusion_policy.pt,24.037875652313232,39.0496711730957,-20.186519622802734,0.7121044745241645,1.0175665028524836,-0.043828146115520425,-0.0447138175368309,0.6689825057983398,-0.019679934384360595,1.0,1.0,1.1856569051742554,44.12644958496094,52.17058109221398,0,0,0,
legacy,Melbourne,legacy_01,old stuff/diffusion_policy.pt,24.137866735458374,39.126564025878906,-20.121442794799805,0.7072538261754826,1.0021304092293215,-0.042967915535315426,-0.06303910166025162,0.673901379108429,-0.027753615426885828,1.0,1.0,1.1966420412063599,44.165443420410156,52.271316059021046,0,0,0,
legacy,Melbourne,legacy_01,old stuff/diffusion_policy.pt,24.23785638809204,39.20327377319336,-20.057153701782227,0.7024431972007494,1.000258369211134,-0.042846878395160465,-0.07610597461462021,0.7024838924407959,-0.033515513250677934,1.0,1.0,1.1845673322677612,44.20481872558594,52.37140351635753,0,0,0,
legacy,Melbourne,legacy_01,old stuff/diffusion_policy.pt,24.338011741638184,39.280826568603516,-19.994009017944336,0.691967647176392,1.0000313341907947,-0.14905118948558543,-0.07176466286182404,0.7100156545639038,-0.031600667544663466,1.0,1.0,1.1893473863601685,44.24565887451172,52.47141602737247,0,0,0,
legacy,Melbourne,legacy_01,old stuff/diffusion_policy.pt,24.437936067581177,39.35908508300781,-19.93175506591797,0.6832276161987018,1.0000038001103477,-0.043153416404371446,-0.049638908356428146,0.7182093858718872,-0.021849130403669318,1.0,1.0,1.1865886449813843,44.28771209716797,52.57141648148536,0,0,0,
legacy,Melbourne,legacy_01,old stuff/diffusion_policy.pt,24.539719581604004,39.437255859375,-19.869388580322266,0.6784168540734037,1.0000004608652173,-0.04283175962119267,-0.051952484995126724,0.6982760429382324,-0.02286827753814063,1.0,1.0,1.185675024986267,44.3298225402832,52.67141784922569,0,0,0,
legacy,Melbourne,legacy_01,old stuff/diffusion_policy.pt,24.637898683547974,39.515716552734375,-19.80739402770996,0.6736118304443668,1.000000055892258,-0.042830225991521975,-0.09309789538383484,0.7157652378082275,-0.041015967386714376,1.0,1.0,1.128008484840393,44.3725471496582,52.77141501576989,0,0,0,
legacy,Melbourne,legacy_01,old stuff/diffusion_policy.pt,24.737783193588257,39.59504699707031,-19.746517181396484,0.6631374835304172,1.000000006778434,-0.1490450415208802,-0.10287394374608994,0.7333467602729797,-0.045335921501594115,1.0,1.0,1.1126853227615356,44.416725158691406,52.87141561144381,0,0,0,
legacy,Melbourne,legacy_01,old stuff/diffusion_policy.pt,24.837895154953003,39.67562484741211,-19.687297821044922,0.648728289763237,1.0000000008220669,-0.1493680104635031,-0.08623652160167694,0.7719652652740479,-0.037986101595060655,1.0,1.0,1.1204156875610352,44.46293640136719,52.97141507276683,0,0,0,
legacy,Melbourne,legacy_01,old stuff/diffusion_policy.pt,24.937812089920044,39.75705337524414,-19.629249572753906,0.6343133374976442,1.0000000000996976,-0.14936952581246887,-0.08807005733251572,0.6760991811752319,-0.038795597747148386,1.0,1.0,1.0519896745681763,44.51060104370117,53.07141693503945,0,0,0,
legacy,Melbourne,legacy_01,old stuff/diffusion_policy.pt,25.03979992866516,39.83930587768555,-19.57238006591797,0.6198983565322602,1.000000000012091,-0.14936953378281792,-0.02995118871331215,0.398357093334198,-0.013180282383996421,1.0,1.0,1.0795551538467407,44.559696197509766,53.17141584222554,0,0,0,
legacy,Melbourne,legacy_01,old stuff/diffusion_policy.pt,25.13986301422119,39.92184829711914,-19.515928268432617,0.6111527282129987,1.0000000000014664,-0.04315470807412239,0.01398591697216034,0.3092457056045532,0.006153982586201339,1.0,1.0,1.0313979387283325,44.60940170288086,53.27141685420065,0,0,0,
legacy,Melbourne,legacy_01,old stuff/diffusion_policy.pt,25.237767696380615,40.003875732421875,-19.458736419677734,0.6112448604604389,1.000000000000178,0.042234411576699785,-0.052944667637348175,0.3300580382347107,-0.023305374348344333,1.0,1.0,1.0718889236450195,44.65849304199219,53.371415769768646,0,0,0,
legacy,Melbourne,legacy_01,old stuff/diffusion_policy.pt,25.337770223617554,40.085880279541016,-19.401508331298828,0.6092216019164106,1.0000000000000215,-0.04264988752976156,-0.011024322360754013,0.5615477561950684,-0.004850789562787163,1.0,1.0,1.1491683721542358,44.70771789550781,53.471416709100595,0,0,0,
legacy,Melbourne,legacy_01,old stuff/diffusion_policy.pt,25.437756776809692,40.16843795776367,-19.345083236694336,0.604419903700498,1.0000000000000027,-0.042829326499400924,0.006632555276155472,0.620963990688324,0.002918343424479288,1.0,1.0,1.115443229675293,44.757957458496094,53.57141465236782,0,0,0,
legacy,Melbourne,legacy_01,old stuff/diffusion_policy.pt,25.539823532104492,40.25061798095703,-19.288105010986328,0.6064329647844425,1.0000000000000004,0.04264730913138781,0.021608375012874603,0.6767781376838684,0.009508345623493336,1.0,1.0,1.1786255836486816,44.80778503417969,53.67141703431844,0,0,0,
legacy,Melbourne,legacy_01,old stuff/diffusion_policy.pt,25.64019536972046,40.33222961425781,-19.230318069458008,0.611234614170022,1.0000000000000004,0.04282931291453977,0.0629245713353157,0.6902700066566467,0.027703132767840297,1.0,1.0,1.2430089712142944,44.8569221496582,53.771416117524495,0,0,0,
legacy,Melbourne,legacy_01,old stuff/diffusion_policy.pt,25.740120887756348,40.41355895996094,-19.172134399414062,0.6160395907984233,1.0000000000000004,0.04283020964788914,0.05428854376077652,0.7159607410430908,0.023897439204066666,1.0,1.0,1.2354414463043213,44.905799865722656,53.8714152603352,0,0,0,
legacy,Melbourne,legacy_01,old stuff/diffusion_policy.pt,25.840078592300415,40.49460983276367,-19.113563537597656,0.6208445844139611,1.0000000000000004,0.0428302143749101,0.047002799808979034,0.7390272617340088,0.020688032731070283,1.0,1.0,1.1444751024246216,44.95443344116211,53.97141434260993,0,0,0,
legacy,Melbourne,legacy_01,old stuff/diffusion_policy.pt,25.939696788787842,40.57537841796875,-19.054601669311523,0.6256495781190563,1.0000000000000004,0.04283021439983402,0.03407072275876999,0.7540457248687744,0.01499370783723582,1.0,1.0,1.0856995582580566,45.0028190612793,54.07141480324208,0,0,0,
legacy,Melbourne,legacy_01,old stuff/diffusion_policy.pt,26.03790831565857,40.65586471557617,-18.99525260925293,0.6304545718246236,1.0000000000000004,0.042830214399965434,0.02581183612346649,0.7712531089782715,0.011358333931602757,1.0,1.0,1.088592529296875,45.05095291137695,54.17141670649289,0,0,0,
legacy,Melbourne,legacy_01,old stuff/diffusion_policy.pt,26.137880086898804,40.736061096191406,-18.935518264770508,0.635259565530193,1.0000000000000004,0.04283021439996613,0.0015885382890701294,0.793401837348938,0.000698957109642214,1.0,1.0,0.989241898059845,45.09883499145508,54.271415097726276,0,0,0,
legacy,Melbourne,legacy_01,old stuff/diffusion_policy.pt,26.239392280578613,40.81597137451172,-18.875398635864258,0.6400645592357624,1.0000000000000004,0.04283021439996613,-0.009791120886802673,0.8023154735565186,-0.004308154645397618,1.0,1.0,0.8872348666191101,45.14646530151367,54.37141534881084,0,0,0,
legacy,Melbourne,legacy_01,old stuff/diffusion_policy.pt,26.337799787521362,40.89628219604492,-18.815820693969727,0.6380515149716104,1.0000000000000004,-0.04264730445093898,-0.025858819484710693,0.8073625564575195,-0.011379012771058954,1.0,1.0,0.8672364354133606,45.19485855102539,54.47141416565864,0,0,0,
legacy,Melbourne,legacy_01,old stuff/diffusion_policy.pt,26.439581871032715,40.9771842956543,-18.75704002380371,0.6332498656747061,1.0000000000000004,-0.0428293128898615,-0.0356781929731369,0.8075400590896606,-0.01570137891162243,1.0,1.0,0.7798001766204834,45.244285583496094,54.57141587798833,0,0,0,
legacy,Melbourne,legacy_01,old stuff/diffusion_policy.pt,26.53910994529724,41.05836486816406,-18.698650360107422,0.6284448890467721,1.0000000000000004,-0.042830209647759104,-0.03955140709877014,0.7918877005577087,-0.01740667081551012,1.0,1.0,0.654394805431366,45.29429626464844,54.67141420402913,0,0,0,
legacy,Melbourne,legacy_01,old stuff/diffusion_policy.pt,26.63966727256775,41.139827728271484,-18.64065170288086,0.6236398954312365,1.0000000000000004,-0.0428302143749095,-0.04338633269071579,0.8028155565261841,-0.019095334843971305,1.0,1.0,0.6357614398002625,45.344886779785156,54.771414539864054,0,0,0,
legacy,Melbourne,legacy_01,old stuff/diffusion_policy.pt,26.73898482322693,41.2215690612793,-18.583045959472656,0.6188349017261413,1.0000000000000004,-0.042830214399834095,-0.0409894660115242,0.8073593378067017,-0.01803987502313235,1.0,1.0,0.5264661312103271,45.396053314208984,54.871415006084135,0,0,0,
legacy,Melbourne,legacy_01,old stuff/diffusion_policy.pt,26.8395254611969,41.303585052490234,-18.525833129882812,0.614029908020574,1.0000000000000004,-0.04283021439996551,-0.04052828997373581,0.8041910529136658,-0.017836807023412875,1.0,1.0,0.5127776861190796,45.44779968261719,54.97141478964477,0,0,0,
legacy,Melbourne,legacy_01,old stuff/diffusion_policy.pt,26.939704179763794,41.3858757019043,-18.46901512145996,0.6092249143150045,1.0000000000000004,-0.042830214399966204,-0.042452067136764526,0.8266730904579163,-0.018683919815442342,1.0,1.0,0.4179003834724426,45.50011444091797,55.07141510499059,0,0,0,
legacy,Melbourne,legacy_01,old stuff/diffusion_policy.pt,27.039691925048828,41.46843719482422,-18.412593841552734,0.6044199206094352,1.0000000000000004,-0.04283021439996621,-0.03746645897626877,0.8065308332443237,-0.016488685994482208,1.0,1.0,0.3017820715904236,45.55299377441406,55.17141403732239,0,0,0,
legacy,Melbourne,legacy_01,old stuff/diffusion_policy.pt,27.139838218688965,41.55126953125,-18.356569290161133,0.5996149269038656,1.0000000000000004,-0.04283021439996621,-0.035695888102054596,0.8002344965934753,-0.015709169196070606,1.0,1.0,0.2283637821674347,45.60643768310547,55.27141389352619,0,1,1,collision
